Country Name,ISO,1985,1986,1987,1988,1989,1990,1991,1992,1993,1994,1995,1996,1997,1998,1999,2000,2001,2002,2003,2004,2005,2006,2007,2008,2009,2010,2011,2012,2013,2014,2015,2016,2017,2018,2019,Males,Females,Latitude,Longitude,Basic water access,Basic sanitation,GDP (Millions),Continent Code,Continent Name
Afghanistan,AFG,140.2576,136.2471,132.2062,128.1864,124.2413,120.3901,116.7798,113.2955,109.9299,106.7334,103.7213,100.8345,98.0649,95.3482,92.7279,90.1541,87.5605,84.9318,82.3004,79.6460,76.9888,74.3128,71.6603,69.0354,66.5258,64.1006,61.7264,59.4546,57.2252,55.1609,53.1698,51.3191,49.6114,48.0433,46.5128,49.8007,43.0507,33.93911,67.709953,75.09141325,50.49964687,19807.06727,AS,Asia
Albania,ALB,46.5089,43.6805,41.1640,39.0081,37.1027,35.4896,34.1106,32.8925,31.7979,30.7558,29.7111,28.6364,27.5253,26.4178,25.2633,24.0992,22.9085,21.6617,20.4041,19.1088,17.8272,16.5449,15.2925,14.0775,12.9145,11.8281,10.8251,9.9630,9.2844,8.8060,8.5095,8.3787,8.3778,8.4736,8.6143,9.5213,7.6594,41.153332,20.168331,95.06803883,100,14799.6151,EU,Europe
Algeria,DZA,59.5458,53.2068,48.5607,45.3267,43.2044,41.7731,40.7175,39.8389,38.9749,38.0433,37.1166,36.2502,35.4813,34.8710,34.4053,33.9191,33.2467,32.3640,31.2840,30.0746,28.8234,27.5958,26.4372,25.3499,24.3815,23.5629,22.9338,22.4715,22.1373,21.8731,21.6127,21.2804,20.8725,20.4293,19.9549,21.2539,18.5916,28.033886,1.659626,94.43732996,85.96546957,145163.9022,AF,Africa
Andorra,AND,10.1069,9.8935,9.7090,9.4868,9.2803,9.0775,8.8311,8.6166,8.4080,8.1631,7.9055,7.6593,7.3690,7.1041,6.8407,6.5718,6.3158,6.0845,5.8186,5.5986,5.3682,5.1333,4.9164,4.6809,4.4592,4.2563,4.0438,3.8504,3.6659,3.4954,3.3404,3.2004,3.0648,2.9414,2.8316,3.0919,2.5555,42.546245,1.601554,100,100,3155.065488,EU,Europe
Angola,AGO,133.2210,132.5104,131.9642,131.6643,131.3715,131.2955,131.2384,131.2541,131.3525,131.1586,130.7605,129.9154,128.4239,126.5162,124.1203,121.1951,117.8790,114.1660,110.0265,105.4044,100.6169,95.5678,90.4907,85.3452,80.4842,75.8686,71.4205,67.3164,63.7152,60.5405,57.8167,55.5622,53.5352,51.8714,50.1802,55.2507,44.851,-11.202692,17.873887,57.16773762,51.66032915,62306.91344,AF,Africa
Antigua and Barbuda,ATG,11.0514,10.9873,11.0087,11.1097,11.2545,11.4756,11.7494,12.0686,12.4094,12.7294,13.0223,13.2418,13.3575,13.3540,13.2453,13.0486,12.7446,12.3751,11.9620,11.5092,11.0393,10.5603,10.0760,9.5985,9.1328,8.6786,8.2364,7.8231,7.4282,7.0792,6.7704,6.4937,6.2347,6.0060,5.7904,6.2211,5.3362,17.060816,-61.796428,96.73918628,87.5,1415.059259,NA,North america
Argentina,ARG,26.9725,26.1398,25.6945,25.5552,25.4995,25.2991,24.8688,24.2038,23.3529,22.3992,21.4407,20.5309,19.6792,18.8850,18.1647,17.5318,16.9423,16.3671,15.7936,15.2546,14.7818,14.3766,14.0257,13.7004,13.3415,12.9084,12.4007,11.8574,11.3048,10.7548,10.2204,9.7005,9.1919,8.6990,8.2381,9.167,7.2676,-38.416097,-63.616672,99,95,383066.9777,SA,South america
Armenia,ARM,50.1511,48.3998,46.6962,48.9379,43.4032,41.7447,40.1051,38.4820,36.8794,35.3170,33.8197,32.3614,30.9466,29.5874,28.2771,27.0174,25.7932,24.6008,23.4547,22.3308,21.2571,20.2275,19.2467,18.3075,17.4044,16.5371,15.7189,14.9391,14.2054,13.5142,12.8499,12.2239,11.6070,11.0332,10.5087,11.5906,9.391,40.069099,45.038189,100,93.93674174,12645.45921,EU,Europe
Australia,AUS,9.3362,9.0640,8.7571,8.4089,8.0166,7.5838,7.1407,6.7173,6.3399,6.0216,5.7722,5.5826,5.4355,5.3181,5.2149,5.1168,5.0276,4.9570,4.9027,4.8444,4.7617,4.6504,4.5138,4.3580,4.1849,3.9968,3.8072,3.6292,3.4745,3.3487,3.2554,3.1879,3.1378,3.0962,3.0518,3.3155,2.7728,-25.274398,133.775136,100,100,1330900.925,OC,Oceania
Austria,AUT,10.6949,10.0660,9.4209,8.8434,8.3960,8.0287,7.6452,7.1954,6.6988,6.1791,5.6959,5.2970,5.0048,4.8028,4.6736,4.5881,4.5175,4.4341,4.3286,4.2005,4.0602,3.9392,3.8407,3.7588,3.6761,3.5842,3.4706,3.3398,3.2159,3.1185,3.0466,2.9933,2.9464,2.8986,2.8452,3.099,2.5766,47.516231,14.550072,100,100,428965.398,EU,Europe
Azerbaijan,AZE,80.4357,79.0237,77.8038,76.7704,76.0822,75.8242,75.9367,76.1808,76.2645,75.9189,75.0264,73.4444,71.1628,68.2091,64.7922,61.0610,57.3420,53.7448,50.3136,47.2297,44.3707,41.7681,39.3165,36.9891,34.7578,32.5818,30.5816,28.6226,26.7710,25.0290,23.3618,21.8288,20.4538,19.2560,18.2376,20.0786,16.3236,40.143105,47.576927,96.04337613,96,42607.17647,AS,Asia
Bahamas,BHS,23.6350,23.2170,22.5850,21.7911,20.8999,19.9833,19.0750,18.1934,17.3468,16.5353,15.7731,15.0983,14.5466,14.1442,13.9398,13.9070,13.9860,14.1427,14.2988,14.4032,14.4129,14.3360,14.1550,13.9111,13.6349,13.3456,13.0604,12.7733,12.5081,12.2556,11.9986,11.7307,11.4333,11.1466,10.8555,11.595,10.0666,25.03428,-77.39628,99,94.9,11250,NA,North america
Bahrain,BHR,21.1872,20.5491,20.1019,19.8257,19.6764,19.5264,19.2517,18.7414,17.9102,16.7907,15.5282,14.2486,13.0735,12.0867,11.3301,10.7540,10.3244,9.9824,9.6915,9.4129,9.1157,8.7705,8.3907,8.0007,7.6210,7.2871,7.0239,6.8257,6.6811,6.5731,6.4758,6.3498,6.2157,6.0649,5.9018,6.0778,5.7156,25.930414,50.637772,100,100,38474.52128,AS,Asia
Bangladesh,BGD,117.8627,114.3411,110.7393,107.0746,103.3861,99.6862,95.9417,92.1939,88.4429,84.6909,80.9816,77.3063,73.6747,70.1019,66.6710,63.3850,60.2603,57.3289,54.5789,51.9761,49.4735,47.0616,44.7563,42.5636,40.5062,38.5760,36.7916,35.1211,33.5447,32.0696,30.6471,29.2903,27.9890,26.7354,25.5897,27.3218,23.7618,23.684994,90.356331,97.69796025,54.16469553,324239.1768,AS,Asia
Barbados,BRB,19.3215,18.7304,18.1125,17.4801,16.8253,16.1595,15.5195,14.9172,14.4001,13.9838,13.6722,13.4761,13.4011,13.4208,13.5406,13.7193,13.9318,14.1407,14.2975,14.3668,14.3533,14.2883,14.1781,14.0474,13.9297,13.8092,13.7037,13.5876,13.4544,13.2548,13.0064,12.7294,12.4107,12.0819,11.7411,12.7761,10.6276,13.193887,-59.543198,98.51445042,98.09246231,4365.5,NA,North america
Belarus,BLR,14.1822,13.6881,13.1865,12.7142,12.3477,12.1535,12.1210,12.1989,12.3187,12.4061,12.3733,12.1910,11.8481,11.3428,10.6958,9.9355,9.1438,8.3957,7.7303,7.1198,6.5435,5.9950,5.4771,4.9949,4.5625,4.1904,3.8782,3.6193,3.4024,3.2154,3.0447,2.8834,2.7239,2.5654,2.4219,2.6974,2.13,53.709807,27.953389,96.53472608,97.90431818,60258.23906,EU,Europe
Belgium,BEL,9.8304,9.5063,9.2125,8.9177,8.6250,8.3399,8.0557,7.7188,7.2940,6.8096,6.3208,5.8711,5.4911,5.1946,4.9659,4.7714,4.5924,4.4273,4.2771,4.1412,4.0276,3.9355,3.8542,3.7761,3.6999,3.6273,3.5565,3.4799,3.3883,3.2841,3.1711,3.0543,2.9408,2.8358,2.7352,3.0638,2.3892,50.503887,4.469936,100,100,515332.4996,EU,Europe
Belize,BLZ,40.6488,38.7518,36.8186,34.8977,32.9808,31.1710,29.4625,27.9236,26.4769,25.2329,24.1178,23.1455,22.2639,21.4378,20.6903,20.0141,19.4122,18.9045,18.4874,18.1380,17.8511,17.5761,17.2966,16.9872,16.6343,16.2075,15.7210,15.1611,14.5418,13.8728,13.1863,12.5004,11.8226,11.1857,10.5893,11.6044,9.5301,17.189877,-88.49765,98.40195463,88.21427557,1763.696119,NA,North america
Benin,BEN,116.4384,114.3548,112.2465,110.0771,107.8901,105.6613,103.4437,101.2437,99.0961,97.0715,95.1552,93.3248,91.5740,89.7519,87.9716,86.1167,84.2767,82.4213,80.6164,78.8983,77.2844,75.7795,74.4090,73.0984,71.8357,70.5855,69.3347,68.0606,66.7716,65.5184,64.2645,63.0393,61.7540,60.4147,59.0013,64.4235,53.2507,9.30769,2.315834,65.41412299,16.96288434,15651.54521,AF,Africa
Bhutan,BTN,108.5186,104.5279,100.5408,96.6161,92.7545,89.1103,85.5772,82.1565,78.8548,75.5846,72.3796,69.1846,66.1082,63.0961,60.2056,57.3928,54.6892,52.0869,49.5448,47.0444,44.5653,42.2142,39.9653,37.8427,35.8419,33.9839,32.3447,30.8816,29.6233,28.4833,27.3507,26.3806,25.5083,24.6964,23.8497,26.0418,21.5089,27.514162,90.433601,97.31322263,76.50655402,2409.262838,AS,Asia
Bolivia,BOL,97.9277,95.2399,92.4567,89.5998,86.7512,83.9178,81.1153,78.3248,75.5564,72.7743,69.9977,67.1935,64.3571,61.5015,58.6208,55.7664,53.0002,50.3053,47.7462,45.2900,42.9289,40.6921,38.5386,36.5084,34.5834,32.7461,31.0355,29.4097,27.8324,26.3765,25.0872,23.9248,22.9259,21.9973,21.1945,23.3431,18.8924,-16.290154,-63.588653,93.39007163,65.75642485,36688.8612,SA,South america
Bosnia and Herzegovina,BIH,24.0407,22.1417,20.4145,18.8271,17.3849,16.0768,14.8988,14.3535,13.5620,12.3675,11.6922,10.7654,10.1566,9.5921,9.0948,8.6921,8.4017,8.1939,8.0479,7.9193,7.7541,7.5177,7.2255,6.9005,6.5722,6.2674,6.0076,5.7989,5.6365,5.5148,5.4228,5.3398,5.2595,5.1695,5.0581,5.5211,4.5715,43.915886,17.679076,96.11389762,95,19788.42225,EU,Europe
Botswana,BWA,43.2506,41.1861,39.2794,37.6497,36.5818,36.1989,36.3667,36.8928,37.6499,38.4170,39.0860,37.1755,36.6312,35.7870,34.1816,32.0253,29.3831,27.4384,25.7704,24.2225,20.9677,20.0312,21.5741,22.5957,22.9274,24.5977,27.0831,26.9778,28.6131,30.9510,32.1070,33.0477,32.5323,32.3031,32.2555,35.3039,29.0506,-22.328474,24.684866,92.21356307,80.02624315,15781.73283,AF,Africa
Brazil,BRA,62.7116,60.5246,58.4207,56.4113,54.4230,52.4334,50.3460,48.1412,45.7647,43.3426,40.9036,38.5485,36.3260,34.2275,32.2182,30.3008,28.4597,26.7034,25.0233,23.4556,21.9778,20.6300,19.4393,18.3802,17.4729,16.6905,16.0158,15.4352,14.9322,14.4769,14.0464,14.6209,13.2295,12.8269,12.4478,13.8714,10.9174,-14.235004,-51.92528,100,90.07847103,1444733.259,SA,South america
Brunei,BRN,11.2089,10.7975,10.5068,10.3278,10.2495,10.2377,10.2575,10.2468,10.1579,9.9802,9.7201,9.4068,9.0770,8.7563,8.4634,8.2176,8.0160,7.8670,7.7585,7.6861,7.6472,7.6496,7.6795,7.7314,7.8133,7.9182,8.0567,8.2120,8.3882,8.5825,8.7825,8.9826,9.1859,9.3810,9.5527,10.4918,8.5552,4.535277,114.727669,100,93,12016.05667,AS,Asia
Bulgaria,BGR,15.8218,14.9671,14.2758,14.0069,14.2170,14.6672,15.0725,15.3249,15.4165,15.3951,15.3922,15.5336,15.6686,15.4999,14.9485,14.2741,13.7001,13.1879,12.5710,11.8036,11.0222,10.3514,9.8372,9.4977,9.2944,9.0831,8.7290,8.2536,7.7357,7.2408,6.8059,6.4523,6.1564,5.8874,5.6288,6.1861,5.0416,42.733883,25.48583,100,86.03496784,69105.10109,EU,Europe
Burkina Faso,BFA,104.7019,102.8997,101.3058,100.0080,99.0901,98.5381,98.3238,98.2118,98.0983,97.7794,97.1597,96.1908,94.9829,93.6931,92.3611,90.9774,89.4060,87.6688,85.6633,83.4027,80.8706,78.1937,75.4605,72.8680,70.4501,68.2065,66.2621,64.4450,62.7504,61.1048,59.5475,58.0119,56.6618,55.2967,53.9372,58.6926,49.0561,12.238333,-1.561593,47.21485446,21.6643726,17369.0593,AF,Africa
Burundi,BDI,107.0719,104.6593,103.5490,103.4693,104.1694,105.2289,106.2849,107.0469,107.2665,106.9633,106.0894,104.7343,102.9025,100.5493,97.9394,95.0591,92.0248,88.8661,85.6205,82.0653,78.1944,74.1620,70.0409,66.1694,62.5553,59.1711,56.0054,53.0943,50.4459,48.0381,45.9434,44.1871,42.6410,41.1682,39.8504,44.0373,35.4891,-3.373056,29.918886,62.20712225,45.72751068,3258.187233,AF,Africa
Cabo Verde,CPV,58.9535,56.4845,53.7375,50.9828,48.5536,46.6809,45.5549,45.0044,44.8354,44.6630,44.0139,42.5696,40.3244,37.3640,34.1305,31.0607,28.4244,26.3288,24.8920,24.0065,23.5523,23.3718,23.2687,23.0759,22.7072,22.1209,21.2885,20.2843,19.1603,17.9386,16.7138,15.5291,14.4723,13.5613,12.7898,13.9987,11.5326,15.1111,23.6167,88.76960642,79.11569269,1703.698677,AF,Africa
Cambodia,KHM,86.6700,85.6189,85.0598,84.7899,84.7104,84.6759,84.6886,84.8365,85.2674,85.8329,86.4092,86.7756,86.6351,85.6178,83.3198,79.1841,73.4663,67.2848,61.6970,56.9706,52.9079,49.4708,46.3988,43.3390,40.3295,37.4498,34.7249,32.2943,30.2621,28.5859,27.1714,25.8538,24.7690,23.7398,22.8336,25.5343,20.0276,12.565679,104.990963,71.21988497,68.76930002,25291.25143,AS,Asia
Cameroon,CMR,91.2078,88.3848,86.2202,84.7820,84.2074,84.3981,85.2158,86.4316,87.7902,88.9565,89.7939,90.2591,90.3320,89.9105,88.9333,87.4264,85.7139,83.7018,81.7006,79.7623,78.1422,76.3792,74.7751,72.9210,71.2714,68.8347,66.8793,64.5810,62.0117,59.8420,57.3478,55.4228,53.3778,51.5874,50.1733,55.1988,44.8125,7.369722,12.354722,65.72041818,44.63112443,39802.14757,AF,Africa
Canada,CAN,8.0150,7.7430,7.5036,7.2752,7.0449,6.8123,6.5846,6.3677,6.1596,5.9638,5.7818,5.6180,5.4769,5.3668,5.2918,5.2508,5.2337,5.2335,5.2347,5.2237,5.1950,5.1489,5.0889,5.0218,4.9560,4.8957,4.8411,4.7926,4.7414,4.6790,4.6064,4.5270,4.4409,4.3469,4.2455,4.5278,3.9447,56.130366,-106.346771,100,100,1643407.977,NA,North america
Central African Republic,CAF,115.6189,115.2373,115.0103,115.1206,115.4582,115.4837,115.1831,114.8085,114.2489,113.7577,113.2876,112.7736,112.2394,111.6079,111.0239,110.4243,109.7780,109.1702,108.5248,107.8251,107.0466,105.9149,104.8983,103.5715,101.8928,100.2902,98.1846,96.1502,94.6496,92.1187,89.7343,87.4110,85.4568,83.4412,81.0032,87.4593,74.2567,6.611111,20.939444,37.20240205,14.11863478,2303.078338,AF,Africa
Chad,TCD,117.9680,116.7075,115.4850,114.2307,112.9875,111.7189,110.4755,109.2950,108.2111,107.1622,106.1854,105.2004,104.1323,102.9266,101.5727,100.1606,98.7264,97.2857,95.8709,94.3808,92.8907,91.3058,89.6525,87.9614,86.2022,84.4356,82.6891,80.9949,79.3289,77.7007,76.0562,74.3744,72.5536,70.8365,69.0960,75.3078,62.535,15.454166,18.732207,46.18753479,12.06370114,10093.11857,AF,Africa
Chile,CHL,18.9112,18.7477,18.5192,18.0371,17.2277,16.1319,14.9175,13.7347,12.6741,11.7880,11.1023,10.6227,10.3432,10.1282,9.7806,9.2485,8.7119,8.3288,8.0820,7.8983,7.7412,7.6295,7.5829,7.5672,7.5232,7.4163,7.2881,7.1716,7.0588,6.9216,6.7479,6.5517,6.3534,6.1585,5.9664,6.4475,5.4576,-35.675147,-71.542969,100,100,252940.023,SA,South america
China,CHN,42.2436,42.0993,42.1244,42.2097,42.2473,42.0912,41.7113,41.0561,40.1245,38.9691,37.7095,36.3764,34.9558,33.4534,31.8554,30.0692,28.1766,26.1470,24.1149,22.1573,20.3252,18.6609,17.1581,15.8384,14.6602,13.5587,12.5573,11.6239,10.7585,9.9458,9.1913,8.4951,7.8531,7.2715,6.7589,7.1648,6.3284,35.86166,104.195397,94.26111059,92.37617808,14722730.7,AS,Asia
Colombia,COL,34.3767,32.9380,31.7149,30.6314,29.6935,28.8396,28.0003,27.1709,26.3478,25.5329,24.7151,23.9029,23.1207,22.3831,21.6898,21.0410,20.4480,19.8801,19.3422,18.8187,18.2907,17.7655,17.2597,16.7532,16.2517,15.7649,15.2904,14.8071,14.3373,13.8869,13.4371,13.0278,12.6243,12.2055,11.8380,13.1358,10.4507,4.570868,-74.297333,97.49165711,93.68063058,271346.8966,SA,South america
Comoros,COM,101.2915,98.1713,95.2707,92.5237,89.9191,87.4613,84.9684,82.5446,80.2484,78.1998,76.5813,75.2755,74.0845,73.2568,72.6472,72.1911,71.8643,71.6747,71.3255,70.6688,69.6072,68.2985,66.7684,65.2662,63.6286,62.0643,60.2255,58.6937,57.1927,55.6235,54.0787,52.5694,51.1611,49.6835,48.2800,52.7953,43.6568,-11.875001,43.872219,80,35.907,1219.690025,AF,Africa
Congo,COG,61.1828,59.9318,59.0210,58.5873,58.5940,59.0445,59.9306,61.2186,62.9026,64.8672,66.9833,69.1244,71.1096,72.5444,73.0600,72.3897,70.6263,67.9059,64.4370,60.5086,56.5131,52.7619,49.4811,46.7307,44.6610,43.1132,42.0255,41.1820,40.4011,39.5490,38.5270,37.6027,36.6467,35.7260,34.8506,38.35,31.2345,-4.038333,21.758664,73.78451158,20.45974611,10884.68614,AF,Africa
Cook Islands,COK,21.4588,21.0948,20.8042,20.5953,20.4526,20.3579,20.2629,20.1392,19.9665,19.6713,19.2031,18.5701,17.8121,16.9785,16.1609,15.4237,14.7220,14.0446,13.3697,12.6984,12.0385,11.3889,10.7722,10.1955,9.6501,9.1683,8.7539,8.3833,8.0616,7.7540,7.4740,7.1988,6.9518,6.7299,6.5139,7.1634,5.8004,-21.236736,-159.777671,100,100,384,OC,Oceania
Costa Rica,CRI,19.6355,18.6110,17.0892,15.6275,14.6204,13.9698,13.5106,13.1776,12.9307,12.7574,12.6686,12.6604,12.5829,12.2515,11.6477,10.9799,10.4818,10.1883,10.0180,9.9068,9.8237,9.7436,9.6549,9.5354,9.3735,9.1588,8.8826,8.5636,8.2256,7.9012,7.6512,7.5308,7.5133,7.5327,7.5436,8.0309,7.0295,9.748917,-83.753428,100,97.91499372,61520.66989,NA,North america
Côte d'Ivoire,CIV,105.9549,105.1137,104.5557,104.1867,103.9695,103.8116,103.5766,103.3620,102.9936,102.5138,101.7568,100.8689,99.7544,98.4443,96.9378,95.2605,93.3690,91.4461,89.4983,87.4673,85.2300,83.3380,81.1154,78.8306,76.6545,74.6948,72.8727,70.8675,68.8733,67.0152,65.3350,63.8882,62.2331,60.5899,58.5997,65.2707,51.5275,7.539989,-5.54708,70.90907039,34.5659625,61348.57947,AF,Africa
Croatia,HRV,15.9040,14.8258,13.7867,12.8082,11.9198,11.1413,10.4765,9.9062,9.4177,9.0018,8.6363,8.3106,8.0123,7.7290,7.4543,7.1818,6.9068,6.6243,6.3377,6.0528,5.7762,5.5135,5.2690,5.0433,4.8414,4.6645,4.5169,4.4002,4.3145,4.2491,4.1992,4.1613,4.1311,4.0977,4.0545,4.408,3.6832,45.1,15.2,100,96.56523542,55966.58178,EU,Europe
Cuba,CUB,14.0726,13.3699,12.7007,12.0552,11.4518,10.8875,10.3613,9.8669,9.3984,8.9606,8.5569,8.1767,7.8201,7.4875,7.1727,6.8841,6.6135,6.3558,6.1122,5.8887,5.6801,5.4841,5.2978,5.1226,4.9603,4.8120,4.6703,4.5435,4.4240,4.3092,4.2000,4.0994,4.0021,3.9070,3.8099,4.2215,3.3781,21.521757,-77.781167,97.00269616,91.35635221,103131,NA,North america
Cyprus,CYP,12.0648,11.0068,10.3392,10.0944,10.0371,9.9406,9.7462,9.4085,8.9323,8.3956,7.8850,7.4104,6.9472,6.4863,6.0578,5.6656,5.3171,4.9979,4.6963,4.4081,4.1235,3.8482,3.5875,3.3472,3.1274,2.9320,2.7549,2.6014,2.4624,2.3381,2.2202,2.1107,2.0091,1.9212,1.8396,1.9853,1.6879,35.126413,33.429859,100,100,23804.34038,EU,Europe
Czech Republic,CZE,12.2480,11.9173,11.5161,11.1150,10.7427,10.3449,9.8709,9.2982,8.6228,7.8738,7.1197,6.4141,5.7908,5.2674,4.8427,4.5146,4.2687,4.0749,3.8997,3.7201,3.5363,3.3513,3.1739,3.0074,2.8578,2.7308,2.6300,2.5587,2.5211,2.5125,2.5215,2.5361,2.5470,2.5466,2.5287,2.8195,2.2222,49.817492,15.472962,100,100,243530.3799,EU,Europe
North Korea,PRK,27.7000,27.4000,27.8000,28.9000,30.7000,33.4000,36.9000,41.1000,45.5000,49.8000,53.2000,55.1000,55.0000,53.1000,49.4000,44.5000,39.1000,34.2000,30.4000,27.8000,26.4000,26.0000,25.7000,25.2000,24.4000,23.1000,21.5000,19.8000,18.3000,17.0000,16.0000,15.1000,14.4000,13.7000,13.1000,14.4432,11.5789,40.339852,127.510093,93.84384303,84.66546354,28500,AS,Asia
Congo,COD,124.8411,123.6207,122.4786,121.4204,120.3659,119.2597,118.1977,117.1658,116.1712,115.2739,114.2599,113.1051,111.8182,110.3371,108.5941,106.6448,104.5357,102.3469,100.0813,97.7316,95.4735,93.0965,90.7680,88.5269,86.2730,84.0421,81.9005,79.7919,77.7272,75.7280,73.8059,71.7954,69.8442,67.8935,66.1081,71.9787,59.939,-4.038333,21.758664,73.78451158,20.45974611,49868.97064,AF,Africa
Denmark,DNK,7.9550,8.0118,8.0224,7.9347,7.7209,7.3821,6.9511,6.4871,6.0559,5.6876,5.3912,5.1609,4.9880,4.8698,4.7926,4.7320,4.6695,4.5860,4.4751,4.3324,4.1664,3.9930,3.8241,3.6723,3.5513,3.4733,3.4430,3.4467,3.4694,3.4912,3.4948,3.4709,3.4180,3.3377,3.2407,3.6741,2.7858,56.26392,9.501785,100,100,355184.0248,EU,Europe
Djibouti,DJI,102.5962,99.9838,97.6110,95.4355,93.4957,91.6651,90.1551,88.8089,87.7037,86.8165,85.9252,84.9735,83.9062,82.8092,81.4795,79.9757,78.3801,76.6690,74.8756,73.0831,71.2682,69.4613,67.6457,65.8771,64.1337,62.4099,60.7096,59.0089,57.4256,55.8802,54.2520,52.7189,51.2586,49.7953,48.4168,52.6276,43.9612,11.825138,42.590275,76.04992021,66.72263564,3384.40426,AF,Africa
Dominica,DMA,14.4499,14.0129,13.6437,13.3496,13.1134,12.9397,12.8222,12.7632,12.7529,12.7953,12.8848,13.0245,13.2114,13.4545,13.7486,14.0968,14.5040,14.9695,15.4999,16.0988,16.7628,17.4969,18.3078,19.2006,20.1723,21.2298,22.3552,23.5498,24.7872,26.0514,27.2741,28.4272,29.4466,30.3011,30.9365,33.2772,28.491,15.414999,-61.370976,95,80.366,469.8703704,NA,North america
Dominican Republic,DOM,54.4211,52.7622,51.1243,49.5246,47.9382,46.3445,44.7621,43.1729,41.6377,40.1228,38.6465,37.2713,36.0157,34.8473,33.8226,32.9260,32.1390,31.4644,30.8675,30.3375,29.8954,29.4915,29.1266,28.7781,28.4625,28.1506,27.8449,27.5205,27.0843,26.5894,25.9958,25.3884,24.7539,24.1206,23.4518,25.635,21.1511,18.735693,-70.162651,96.68681192,87.17818151,78844.70233,NA,North america
Ecuador,ECU,52.4492,50.0069,47.8185,45.7870,43.8604,41.9966,40.1793,38.3279,36.4323,34.5034,32.5764,30.6818,28.8744,27.1473,25.5708,24.1588,22.9370,21.8740,20.9301,20.1169,19.3381,18.5863,17.8412,17.1023,16.3716,15.6629,14.9956,14.3856,13.8284,13.3636,12.9931,12.6993,12.4764,12.2726,12.0379,13.4567,10.535,-1.831239,-78.183406,95.35976356,91.52492213,98808.01,SA,South america
Egypt,EGY,83.7730,78.0577,73.1670,69.0066,65.6366,62.7465,60.1097,57.5123,54.8668,52.1477,49.3784,46.6336,44.0011,41.5165,39.2346,37.1507,35.2437,33.5350,32.0090,30.6258,29.3872,28.2419,27.1376,26.0671,25.0543,24.0782,23.1196,22.2156,21.3512,20.5808,19.8607,19.2016,18.5284,17.9385,17.3254,18.5046,16.0715,26.820553,30.802498,100,97.32547363,363069.2452,AF,Africa
El Salvador,SLV,59.1419,56.1239,53.3456,50.7640,48.3716,46.0577,43.8565,41.7197,39.6547,37.6268,35.6471,33.7224,31.8941,30.1718,28.5957,27.1066,25.7496,24.4560,23.2382,22.0940,20.9893,19.9698,19.0085,18.0841,17.2329,16.4087,15.6496,14.9529,14.3217,13.7060,13.1650,12.6846,12.2476,11.8129,11.4369,12.5885,10.2321,13.794185,-88.89653,97.94657541,82.44975254,24638.72,NA,North america
Equatorial Guinea,GNQ,126.2965,124.5881,123.2774,122.1641,121.2643,120.4155,119.6719,118.9039,118.1195,117.4038,116.5214,115.4330,114.0186,112.1375,109.9567,107.4285,104.8468,102.0834,99.3975,96.5036,93.6585,90.7905,87.7563,84.8559,82.0020,79.3759,76.9866,74.6727,72.3920,70.2989,68.1409,66.1328,64.1341,62.2078,60.4125,66.027,54.6923,1.650801,10.267895,64.666,66.313,10021.85675,AF,Africa
Eritrea,ERI,107.0101,104.9975,102.7457,100.1848,97.1595,93.7143,89.8898,85.7593,81.3471,76.9189,72.6164,68.5733,64.9115,61.6892,58.7972,56.2144,53.8622,51.7134,49.7100,47.8474,46.1374,44.5446,43.0379,41.6068,40.3213,39.1466,37.9636,36.8869,35.8499,34.8908,33.9851,33.0784,32.1665,31.3227,30.4711,34.7174,25.9637,15.179384,39.782334,19.3,11.94,2065.001626,AF,Africa
Estonia,EST,15.0512,14.7356,14.4783,14.2649,14.0951,13.9762,13.8558,13.6780,13.3967,12.9638,12.3708,11.6600,10.9044,10.1405,9.3870,8.6609,7.9625,7.3028,6.6891,6.1242,5.6041,5.1219,4.6811,4.2800,3.9177,3.5963,3.3110,3.0612,2.8391,2.6408,2.4604,2.2938,2.1381,1.9965,1.8696,2.045,1.682,58.595272,25.013607,100,100,31029.96859,EU,Europe
Eswatini,SWZ,62.8425,59.7275,56.9392,54.4767,52.5735,51.3110,51.0574,51.8214,53.4869,55.5306,57.6678,59.6650,61.6236,63.5337,65.4267,67.1362,68.2566,68.8846,69.2813,68.8118,68.2327,61.0308,61.1071,61.9868,58.1272,55.2413,54.0595,52.8903,51.9389,52.0884,45.8531,44.0480,44.7729,40.7214,38.5668,42.5678,34.3584,-26.522503,31.465866,70.75307095,64.29217458,3962.493093,AF,Africa
Ethiopia,ETH,130.3071,128.0504,125.8810,123.6720,121.4473,119.0540,116.4480,113.6023,110.4432,106.9448,103.4284,99.9900,96.6067,93.3541,90.1608,86.9629,83.6206,80.1822,76.6313,73.0348,69.4768,66.0760,62.8413,59.7931,56.9438,54.3013,51.8511,49.4539,47.1982,45.1228,43.1433,41.2419,39.4916,37.9285,36.5490,41.4548,31.3916,9.145,40.489673,49.61557274,8.910277929,107645.0543,AF,Africa
Fiji,FJI,28.8119,27.7927,26.8449,25.9329,25.0501,24.1730,23.3487,22.5998,21.9437,21.3670,20.9019,20.5127,20.1675,19.8507,19.5612,19.2981,19.1199,19.0391,19.0830,19.2619,19.5311,19.8008,20.0056,20.1251,20.1350,20.0742,20.0149,20.0197,20.1027,20.2980,20.5786,20.9233,21.2778,21.5734,21.6770,23.5566,19.6749,-16.578193,179.414413,94.30106524,100,4376.014756,OC,Oceania
Finland,FIN,6.0409,5.9853,5.9334,5.8561,5.7304,5.5474,5.3087,5.0342,4.7514,4.4871,4.2509,4.0520,3.8864,3.7455,3.6207,3.5134,3.4209,3.3363,3.2549,3.1709,3.0744,2.9634,2.8403,2.7125,2.5861,2.4652,2.3505,2.2474,2.1594,2.0882,2.0335,1.9950,1.9724,1.9573,1.9456,2.1157,1.7683,61.92411,25.748151,100,100,271233.8834,EU,Europe
France,FRA,8.5066,8.2641,8.0571,7.8647,7.6542,7.3931,7.0626,6.6564,6.1973,5.7456,5.3480,5.0272,4.7940,4.6396,4.5280,4.4272,4.3197,4.1903,4.0433,3.9021,3.7872,3.7032,3.6456,3.6085,3.5838,3.5617,3.5386,3.5089,3.4749,3.4548,3.4663,3.5124,3.5898,3.6869,3.7735,4.1278,3.4018,46.227638,2.213749,100,98.64760678,2603004.396,EU,Europe
Gabon,GAB,64.5431,63.2312,62.0572,61.1140,60.3805,59.7115,59.1812,58.7095,58.1830,57.7579,57.2848,56.8175,56.2684,55.6557,54.8315,53.8470,52.8263,51.7380,50.6194,49.4146,48.1249,46.9462,45.4180,44.0451,42.9830,41.5617,40.3208,38.9400,37.7029,36.8837,35.7801,34.3069,33.3928,32.2114,31.1459,34.6737,27.4016,-0.803689,11.609444,85.3419306,49.82416677,15593.18127,AF,Africa
Gambia,GMB,93.0624,90.6050,88.2635,85.9408,83.6887,81.5542,79.4596,77.3916,75.3067,73.2133,71.1259,69.0351,67.0321,65.0420,63.1443,61.2796,59.4809,57.6990,55.9596,54.2533,52.6184,51.0537,49.5455,48.1119,46.7775,45.4810,44.2430,43.0595,41.9312,40.8321,39.8032,38.7878,37.7965,36.8204,35.8929,39.8902,31.6745,13.443182,-15.310139,80.94040714,46.87122407,1901.930158,AF,Africa
Georgia,GEO,42.8908,42.1806,41.6877,41.3534,41.1005,40.8707,40.6230,40.3418,39.9783,39.4851,38.8222,37.9121,36.8070,35.4052,33.7902,31.9055,29.8850,27.7097,25.4516,23.2179,21.0050,18.9352,17.0557,15.3572,13.8964,12.6591,11.6347,10.8178,10.1856,9.7123,9.3626,9.1049,8.9043,8.7191,8.5270,9.4933,7.5028,42.315407,43.356892,97.3481397,85.76672943,15891.6889,EU,Europe
Germany,DEU,9.2193,8.7322,8.2756,7.8348,7.4049,6.9826,6.5760,6.1961,5.8490,5.5391,5.2684,5.0341,4.8304,4.6550,4.5064,4.3803,4.2730,4.1765,4.0841,3.9941,3.9012,3.8076,3.7147,3.6251,3.5431,3.4715,3.4122,3.3656,3.3328,3.3111,3.2971,3.2864,3.2729,3.2516,3.2189,3.4867,2.9363,51.165691,10.451526,100,100,3806060.14,EU,Europe
Ghana,GHA,94.8065,92.0798,88.9875,85.7281,82.5501,79.7101,77.4166,75.6206,74.2975,73.2842,72.3569,71.2998,69.9957,68.3113,66.3103,64.1291,61.8867,59.7321,57.8427,56.2365,54.8069,53.4574,52.0566,50.5241,48.8160,46.9973,45.2036,43.4427,41.7519,40.2358,38.7538,37.4116,36.1391,34.9553,33.8934,37.5241,30.0306,7.946527,-1.023194,85.79099665,23.70247451,72354.42886,AF,Africa
Greece,GRC,12.7897,11.9681,11.1395,10.3668,9.6769,9.0875,8.6049,8.2396,7.9682,7.7235,7.4410,7.1169,6.7646,6.3990,6.0186,5.6283,5.2456,4.8911,4.5695,4.2779,4.0097,3.7811,3.6137,3.5106,3.4562,3.4350,3.4553,3.5328,3.6651,3.8001,3.8786,3.8631,3.7445,3.5375,3.3076,3.5694,3.0347,39.074208,21.824312,100,100,189410.1066,EU,Europe
Grenada,GRD,22.5542,21.5064,20.5431,19.6189,18.7394,17.8893,17.0651,16.2892,15.5812,14.9601,14.4244,13.9904,13.6340,13.3538,13.1288,12.9364,12.7825,12.6540,12.5487,12.4847,12.4623,12.4778,12.5510,12.6738,12.8422,13.0342,13.2651,13.5226,13.7649,14.0162,14.2463,14.4737,14.6509,14.7242,14.6811,15.8401,13.456,12.262776,-61.604171,91,91.494,1089.203704,NA,North america
Guatemala,GTM,71.8179,69.1374,66.5743,64.0697,61.6260,59.2917,57.0574,54.9130,52.8690,50.8915,49.0255,47.2344,45.5142,43.8716,42.3057,40.8137,39.3994,38.0234,36.7267,35.4751,34.2451,33.0649,31.8962,30.7472,29.6416,28.5465,27.4861,26.4690,25.4715,24.5502,23.6813,22.8700,22.1028,21.4135,20.7475,23.0269,18.343,15.783471,-90.230759,94.00642827,67.92858108,77604.63217,NA,North america
Guinea,GIN,150.7238,148.1166,145.4585,142.7091,139.7727,136.6093,133.1658,129.6007,125.9383,122.1599,118.3758,114.6318,110.9707,107.2367,103.5706,99.9402,96.3214,92.8670,89.6185,86.6830,84.0411,81.6922,79.6012,77.7480,76.1039,74.6431,73.2981,72.0266,70.8184,69.7844,68.7233,67.4498,66.3124,65.1103,63.8198,69.6785,57.6997,9.945587,-9.696645,63.96178874,29.77614039,15681.05092,AF,Africa
Guinea-Bissau,GNB,143.0927,140.5254,137.9404,135.5134,133.0766,130.7347,128.3545,125.8795,123.3768,120.8295,118.1709,115.5272,112.8502,110.1214,107.3539,104.5660,101.6595,98.6597,95.4381,92.0489,88.7033,85.2829,81.8779,78.5010,75.1867,71.8669,68.8023,65.9928,63.4642,61.1855,59.2259,57.2821,55.5685,53.9703,52.3232,57.6299,46.7451,11.803749,-15.180413,59.01691221,18.2250438,1431.758243,AF,Africa
Guyana,GUY,50.4326,49.8172,49.1037,48.2919,47.3645,46.3852,45.3163,44.2447,43.1616,42.1284,41.1703,40.2750,39.4200,38.5704,37.7274,36.9320,36.1476,35.3835,34.6564,33.9827,33.3539,32.7433,32.1513,31.5613,30.9951,30.4588,29.9001,29.3193,28.7713,28.1014,27.3677,26.6555,25.9458,25.2154,24.4370,27.5837,21.116,4.860416,-58.93018,95.55480685,85.78250661,5471.256595,SA,South america
Haiti,HTI,112.9807,110.3673,107.7575,105.2178,102.7089,100.1989,97.6266,95.0352,92.4527,89.7975,87.0803,84.3792,81.7449,79.1614,76.7039,74.3375,72.1608,70.1586,68.3693,66.7560,65.3069,63.9445,62.6262,61.3744,60.1692,85.4050,57.8092,56.6485,55.4947,54.3485,53.2132,51.9083,50.6761,49.4243,48.2162,52.8509,43.2266,18.971187,-72.285215,66.6953084,37.12173441,13417.99707,NA,North america
Honduras,HND,55.5008,53.2160,51.0152,48.9198,46.9082,44.9860,43.1699,41.4736,39.8622,38.3217,36.8730,35.4789,34.1212,36.1881,31.5344,30.2659,29.0247,27.7923,26.6111,25.4851,24.3977,23.3736,22.4145,21.4956,20.6245,19.8118,19.0563,18.3451,17.6897,17.0859,16.4894,15.9490,15.3961,14.9327,14.4532,16.0121,12.7638,15.199999,-86.241905,95.68922113,83.77658071,23827.84081,NA,North america
Hungary,HUN,19.4480,18.5420,17.4720,16.4806,15.6881,15.1603,14.6655,13.8548,12.6948,11.5774,10.7928,10.2981,9.9325,9.5741,9.1708,8.6853,8.1478,7.6255,7.1498,6.7410,6.3996,6.1024,5.8033,5.4997,5.2353,5.0503,4.9287,4.8276,4.7108,4.5346,4.2746,3.9557,3.6223,3.3104,3.0328,3.2627,2.7944,47.162494,19.503304,100,97.9837035,155012.9276,EU,Europe
Iceland,ISL,6.1026,5.8891,5.7009,5.5241,5.3462,5.1685,4.9850,4.7906,4.5888,4.3812,4.1701,3.9613,3.7549,3.5600,3.3722,3.1958,3.0315,2.8830,2.7472,2.6212,2.5073,2.4024,2.3090,2.2242,2.1444,2.0692,2.0028,1.9371,1.8753,1.8191,1.7622,1.7080,1.6577,1.6042,1.5531,1.6793,1.4172,64.963051,-19.020835,100,98.78054272,21714.67057,EU,Europe
India,IND,100.7878,98.3621,95.8841,93.3965,90.9466,88.6135,86.3839,84.2517,82.1974,80.1330,78.0173,75.8451,73.6162,71.3298,69.0390,66.7457,64.4423,62.1737,59.9710,57.8239,55.7284,53.6521,51.5619,49.4456,47.3049,45.1393,43.0015,40.8930,38.8416,36.8504,34.9424,33.1063,31.3607,29.7326,28.2568,28.3085,28.1864,20.593684,78.96288,90.48952503,71.26847596,2622983.732,AS,Asia
Indonesia,IDN,73.4920,71.1960,68.8818,66.5569,64.1703,61.7645,59.3776,57.0249,54.7484,52.5598,50.4279,48.4025,46.4182,44.5426,42.7359,41.0147,39.3948,37.8346,36.3635,36.1934,33.6439,32.4020,31.2098,30.0826,29.0131,27.9670,26.9586,26.0072,25.0757,24.1729,23.2910,22.4758,21.6798,20.9354,20.2419,22.4795,17.8987,-0.789275,113.921327,92.41534961,86.462642,1058423.838,AS,Asia
Iran,IRN,56.1305,53.3450,50.7155,48.2389,45.8531,43.6854,41.7137,39.9775,38.3964,36.9168,35.4959,34.0741,32.6616,31.2075,29.7305,28.2932,26.8473,25.4860,24.1929,22.9639,21.8151,20.7059,19.6317,18.6139,17.6789,16.8566,16.1185,15.4725,14.8911,14.3371,13.8141,13.3226,12.8529,12.4240,11.9934,12.6015,11.3382,32.427908,53.688046,97.48263633,90.267,191718.2715,AS,Asia
Iraq,IRQ,46.8241,45.6319,44.5493,43.5767,42.6881,41.8856,41.1297,40.4522,39.7792,39.1346,38.5069,37.8726,37.2419,36.5910,35.9396,35.2714,34.6255,34.0186,33.4103,32.8112,32.1755,31.5179,30.8262,30.0794,29.3076,28.5248,27.7284,26.9377,26.1473,25.3899,24.6459,23.9015,23.2049,22.5071,21.8284,23.9488,19.5906,33.223191,43.679291,98.35990325,100,167224.4326,AS,Asia
Ireland,IRL,8.9141,8.6433,8.4482,8.2546,7.9856,7.6294,7.2030,6.7568,6.3894,6.1701,6.0857,6.0809,6.1067,6.1266,6.0997,5.9888,5.7698,5.4498,5.0785,4.7040,4.3659,4.0963,3.8974,3.7505,3.6345,3.5378,3.4589,3.3903,3.3256,3.2586,3.1850,3.1037,3.0121,2.9196,2.8290,3.0603,2.5841,53.41291,-8.24389,97.39970651,91.33736508,418621.8185,EU,Europe
Israel,ISR,12.1685,11.5272,10.9606,10.4872,10.0893,9.6943,9.2360,8.7144,8.1520,7.5886,7.0809,6.6685,6.3357,6.0578,5.8069,5.5779,5.3630,5.1519,4.9326,4.7051,4.4827,4.2786,4.0972,3.9367,3.7944,3.6655,3.5413,3.4257,3.3218,3.2338,3.1599,3.1037,3.0572,3.0142,2.9683,3.1883,2.7376,31.046051,34.851612,100,100,401953.8048,AS,Asia
Italy,ITA,10.5161,9.9381,9.4503,9.0411,8.6934,8.3730,8.0371,7.6650,7.2587,6.8309,6.4005,5.9922,5.6198,5.2853,4.9898,4.7290,4.4933,4.2813,4.0930,3.9299,3.7919,3.6805,3.5937,3.5187,3.4448,3.3683,3.2883,3.2048,3.1195,3.0356,2.9547,2.8812,2.8174,2.7535,2.6845,2.8982,2.4617,41.87194,12.56738,100,100,1886445.268,EU,Europe
Jamaica,JAM,28.9109,28.1525,27.4162,26.6920,25.9712,25.2554,24.5451,23.8300,23.1481,22.4583,21.7768,21.1146,20.4702,19.8529,19.2751,18.7428,18.2588,17.8354,17.4871,17.1965,16.9668,16.7429,16.5148,16.2449,15.8979,15.5390,15.1485,14.7455,14.3206,13.8919,13.4342,13.0650,12.6754,12.2995,11.9259,13.2995,10.4782,18.109581,-77.297508,91.0299445,86.60642453,13812.4218,NA,North america
Japan,JPN,5.4952,5.2179,4.9894,4.8112,4.6782,4.5814,4.5074,4.4349,4.3523,4.2449,4.1084,3.9480,3.7758,3.6013,3.4335,3.2784,3.1406,3.0222,2.9236,2.8365,2.7547,2.6742,2.5925,2.5098,2.4281,2.3487,2.2970,2.2023,2.1342,2.0700,2.0094,1.9515,1.8980,1.8474,1.7973,1.8792,1.7108,36.204824,138.252924,100,100,5064872.876,AS,Asia
Jordan,JOR,35.1911,33.8625,32.6396,31.4983,30.4549,29.5200,28.6526,27.8315,27.0540,26.3316,25.6554,25.0123,24.3872,23.7739,23.1818,22.6001,22.0275,21.4584,20.8957,20.3500,19.8088,19.2830,18.7584,18.2494,17.7513,17.2858,16.8297,16.3807,15.9555,15.5325,15.1202,14.6910,14.2482,13.8215,13.4087,14.5793,12.1657,30.585164,36.238414,98.94030296,97.08435633,43697.65928,AS,Asia
Kazakhstan,KAZ,49.9519,48.3949,46.9412,45.6584,44.6480,44.0584,43.9144,44.1489,44.5703,44.9179,44.8015,43.9515,42.3825,40.4971,38.5089,36.4275,34.4264,32.4960,30.7035,28.9954,27.3052,25.5657,23.7641,21.9098,20.0483,18.1965,16.3635,14.6118,13.0156,11.6328,10.5372,9.7732,9.3335,9.1950,9.3024,10.4638,8.0807,48.019573,66.923684,95.43497032,97.8671202,169835.4264,EU,Europe
Kenya,KEN,62.9049,62.4082,62.3671,62.8204,63.6732,64.8370,66.0767,67.2121,67.8654,68.0175,67.5919,66.5339,65.1370,63.5135,61.7349,59.7470,57.6424,55.3768,53.0784,50.7373,48.0973,45.7789,43.7765,41.4143,40.3427,39.4407,38.5619,38.2376,37.4717,36.5324,35.3249,34.4508,33.8954,32.8210,31.8651,34.915,28.5003,-0.023559,37.906193,61.63289158,32.69894486,98842.93965,AF,Africa
Kiribati,KIR,80.9694,79.0366,76.8484,74.3192,71.6472,69.0654,66.7159,64.7463,62.9921,61.5099,60.1643,58.8372,57.5366,56.2272,54.8403,53.5052,52.2948,51.2846,50.5874,50.2645,50.1866,50.2453,50.3448,50.2842,49.9240,49.3070,48.5112,47.5818,46.6525,45.5824,44.5789,43.4635,42.3274,41.2545,40.1129,44.1458,35.9201,-3.370417,-168.734039,77.97092085,45.57596312,199.573326,OC,Oceania
Kuwait,KWT,19.5327,18.3823,17.4878,16.6946,15.8622,15.0218,14.8461,13.5983,13.0760,12.6624,12.3131,11.9608,11.5824,11.2151,10.8948,10.6337,10.4268,10.2650,10.1150,9.9582,9.7981,9.6567,9.5349,9.3891,9.1806,8.9071,8.5904,8.2519,7.9341,7.6706,7.4554,7.2709,7.1024,6.9359,6.7671,7.3597,6.1393,29.31166,47.481766,100,100,136196.7602,AS,Asia
Kyrgyzstan,KGZ,64.7392,61.7532,58.9695,56.6770,54.9866,54.0135,53.8197,54.0010,53.9519,53.3376,52.1347,50.3851,48.3858,46.3035,44.3546,42.4066,40.5645,38.8012,37.1548,35.5799,34.1030,32.6932,31.2457,29.6045,27.8199,26.0734,24.5066,23.1669,21.9656,20.8909,19.8893,18.9175,17.9786,17.1206,16.3619,18.192,14.463,41.20438,74.766098,91.69930522,97.89104384,7735.976613,AS,Asia
Laos,LAO,120.8521,117.7868,114.7380,111.6879,108.5454,105.3805,102.1410,98.9627,95.7911,92.7156,89.7202,86.8241,84.0230,81.3286,78.6659,76.0426,73.4533,70.8352,68.2514,65.7153,63.1953,60.7179,58.3298,55.9922,53.7476,51.5858,49.5175,47.5202,45.6011,43.7551,41.9876,40.3991,38.9140,37.5734,36.3611,40.4249,32.0676,19.85627,102.495496,85.21974318,79.48,19136.19485,AS,Asia
Latvia,LVA,13.2481,12.4441,11.8445,11.6923,12.2054,13.2131,14.3165,15.1485,15.6510,15.8373,15.6798,15.1618,14.3412,13.3718,12.3955,11.5080,10.7926,10.2328,9.7236,9.1768,8.6260,8.1292,7.7120,7.3352,6.9521,6.5397,6.0841,5.5903,5.0911,4.6292,4.2160,3.8554,3.5517,3.2994,3.0910,3.3146,2.8544,56.879635,24.603189,98.78260115,92.42436928,33505.18523,EU,Europe
Lebanon,LBN,32.9422,31.6273,30.3149,29.0627,27.8229,26.6114,25.4825,24.4119,23.3628,22.3846,21.4355,20.5179,19.6188,18.7337,17.8303,16.9042,15.9479,15.0091,14.0244,13.0786,12.1309,11.2425,10.4707,9.7974,9.2583,8.7960,8.3960,8.0446,7.7017,7.4087,7.0834,6.8154,6.5814,6.3698,6.1647,6.3715,5.9048,33.854721,35.862285,92.6,100,33383.24686,AS,Asia
Lesotho,LSO,76.7901,74.2745,72.1575,70.4631,69.1578,68.3218,67.9528,68.1145,68.6436,69.4915,70.3517,70.9085,72.0250,72.9818,74.0891,75.3179,76.3600,76.5187,76.7694,76.8112,76.8981,77.5146,76.2333,78.3898,75.5345,73.6753,71.7255,72.1891,72.1459,71.5674,71.8772,72.3128,71.6662,69.0944,68.0770,74.6165,61.1046,-29.609988,28.233608,72.17603927,50.31807569,1844.510138,AF,Africa
Liberia,LBR,158.8636,161.1653,164.5121,168.5128,172.2348,175.2027,176.5269,175.9301,173.5346,169.4397,163.9962,157.5276,150.3226,142.8595,135.0864,126.9129,118.8259,111.1163,103.5984,96.6204,90.4398,85.1965,80.9147,77.4313,74.6691,72.4639,70.6843,69.2200,68.0404,67.4293,66.1221,65.1638,64.2879,63.3076,62.1828,67.7688,56.2997,6.428055,-9.429499,75.26179159,18.16357204,2950,AF,Africa
Libya,LBY,45.4792,43.3825,41.3188,39.3147,37.3967,35.5678,33.8255,32.2505,30.8220,29.5732,28.3923,27.3671,26.4483,25.6251,24.8515,24.1263,23.4191,22.7025,21.8991,20.9419,19.8316,18.5951,17.3028,16.0953,15.0716,14.2402,13.8636,12.9177,12.3680,11.8485,11.4079,10.9784,10.5966,10.2251,9.8831,10.931,8.8087,26.3351,17.228331,100,92.10600221,25418.46153,AF,Africa
Lithuania,LTU,13.7125,12.8218,11.9229,11.3623,11.3333,11.8705,12.9884,14.1937,14.4830,13.4295,11.9095,10.6752,9.8329,9.2694,8.8854,8.5643,8.2295,7.8920,7.6408,7.4714,7.2693,6.9248,6.4543,5.9251,5.3924,4.9017,4.4969,4.2027,4.0590,4.0409,4.0201,3.8630,3.5904,3.2833,2.9890,3.2333,2.7355,55.169438,23.881275,98.01334724,93.93707198,55887.27183,EU,Europe
Luxembourg,LUX,9.3161,8.9173,8.5079,8.0893,7.6644,7.2338,6.7971,6.3631,5.9489,5.5581,5.1972,4.8689,4.5725,4.3114,4.0798,3.8673,3.6727,3.4888,3.3127,3.1475,2.9902,2.8473,2.7227,2.6184,2.5328,2.4703,2.4255,2.3981,2.3803,2.3711,2.3679,2.3542,2.3276,2.2915,2.2478,2.4496,2.037,49.815273,6.129583,100,97.59134711,73263.9821,EU,Europe
Madagascar,MDG,107.3042,106.0723,104.1878,101.8287,99.1146,96.1951,93.4214,90.7391,88.1117,85.5644,82.8737,80.0521,77.1118,74.1231,71.1280,68.1840,65.4107,62.7780,60.2762,57.9123,55.6731,53.5897,51.6366,49.8322,48.1362,46.6241,45.2694,44.0019,42.8374,41.7364,40.6582,39.5704,38.5060,37.4584,36.4721,40.188,32.5673,-18.766947,46.869107,53.38588491,12.31140011,13720.63411,AF,Africa
Malawi,MWI,148.1523,149.8226,150.1032,148.5099,145.2482,140.9596,136.4183,131.7912,127.1941,122.8145,119.0599,116.1837,113.5988,110.2547,105.7755,99.8284,92.3769,84.2709,76.6437,70.1313,65.1479,61.8977,59.9186,57.1578,55.2547,53.1632,49.5310,45.9407,42.6933,39.6697,37.3082,35.2789,33.5092,32.0718,30.9118,34.3309,27.3339,-13.254308,34.301525,70.04772851,26.55426445,11961.84855,AF,Africa
Malaysia,MYS,18.3893,17.3677,16.4573,15.6446,14.9187,14.2418,13.6052,13.0003,12.4272,11.9230,11.5002,11.1008,10.6437,10.0876,9.4429,8.7434,8.0982,7.6108,7.3091,7.1318,7.0231,6.9584,6.9309,6.9302,6.9272,6.8955,6.8476,6.8123,6.8079,6.8359,6.8904,6.9742,7.0861,7.2161,7.3208,7.908,6.7056,4.210484,101.975766,97.09990707,100,336664.4442,AS,Asia
Maldives,MDV,80.5332,76.6461,72.9144,69.4053,66.1344,62.9663,59.9276,56.9524,53.9585,50.9550,47.8837,44.6886,41.4323,38.1627,34.8703,31.6096,28.4431,25.4159,22.6758,20.8773,18.1939,16.4496,15.0011,13.7939,12.7884,11.9360,11.1914,10.5272,9.9008,9.2976,8.7027,8.1198,7.5567,7.0186,6.5156,7.0899,5.9146,3.202778,73.22068,100,100,4030.203167,AS,Asia
Mali,MLI,132.8436,129.7802,126.9542,124.3802,121.9924,119.8263,117.9230,116.2433,114.7320,113.2934,111.8141,110.2276,108.4424,106.3978,104.0582,101.4513,98.7404,96.0026,93.2550,90.6176,88.1065,85.6790,83.3168,81.0396,78.8518,76.7006,74.5963,72.5957,70.6387,68.7472,66.9505,65.2000,63.4905,61.7918,60.2095,65.499,54.6187,17.570692,-3.996166,82.54729103,45.39420987,17393.7614,AF,Africa
Malta,MLT,12.3192,11.8071,11.3070,10.8436,10.4274,10.0342,9.6705,9.3212,8.9699,8.6192,8.2601,7.9020,7.5494,7.2240,6.9232,6.6614,6.4398,6.2646,6.1318,6.0366,5.9710,5.9333,5.9229,5.9221,5.9295,5.9475,5.9651,5.9902,6.0244,6.0633,6.1065,6.1452,6.1699,6.1458,6.0783,6.6008,5.5389,35.937496,14.375416,100,100,14647.38461,EU,Europe
Marshall Islands,MHL,45.2145,44.1190,42.8967,41.6540,40.3358,39.0170,37.6185,36.3331,35.1717,34.2013,33.5890,33.1963,33.0686,33.0703,33.0973,33.0979,33.0775,32.9657,32.8012,32.6075,32.4175,32.2171,32.0269,31.8309,31.6938,31.5250,31.2968,30.9686,30.4912,29.9574,29.2930,28.6038,27.8826,27.1593,26.3897,29.4532,23.1793,7.131474,171.184478,88.57204698,84.15036532,239.4622,OC,Oceania
Mauritania,MRT,81.1141,78.5779,76.2418,74.2279,72.6264,71.4192,70.5489,69.9662,69.6250,69.4722,69.4160,69.4258,69.4162,69.3766,69.3128,69.1590,68.9883,68.7587,68.4883,67.9740,67.2871,66.3744,65.2582,64.1021,62.8591,61.6711,60.3016,58.9600,57.6288,56.4024,55.0260,53.8420,52.6003,51.3793,50.1396,55.4056,44.6536,21.00789,-10.940835,71.68104923,49.83422278,7778.525643,AF,Africa
Mauritius,MUS,24.2296,24.3428,24.3687,23.5461,21.8042,20.0155,18.9096,18.5377,18.7127,19.2387,19.8731,20.2776,20.2153,19.4574,18.0814,16.5629,15.2982,14.3818,13.8081,13.5160,13.3716,13.2034,12.9974,12.7523,12.5178,12.4550,12.6549,12.9517,13.0886,12.9305,12.7458,12.8103,13.1580,13.6801,14.2700,15.7084,12.7619,-20.348404,57.552152,100,96,10914.06531,AF,Africa
Mexico,MEX,44.3517,42.6080,40.9264,39.3206,37.7493,36.2225,34.7383,33.3070,31.9279,30.5974,29.3220,28.0971,26.9049,25.7650,24.6755,23.6329,22.6712,21.7625,20.9081,20.1094,19.3860,18.7112,18.0756,17.4829,16.9187,16.3753,15.8525,15.3432,14.8630,14.3893,13.9314,13.4800,13.0497,12.6169,12.1963,13.3775,10.9464,23.634501,-102.552784,100,92.42406261,1076163.316,NA,North america
Micronesia,FSM,45.1617,44.8228,44.3624,43.7909,43.2477,42.7861,42.4882,42.3274,42.3225,42.4683,42.6285,42.6897,42.7017,42.4279,41.9428,41.3031,40.5089,39.7745,38.8585,37.8362,36.8401,35.8359,34.8449,33.8333,32.9337,31.9794,31.0786,30.2560,29.4694,28.6184,27.7926,26.9152,26.1807,25.4088,24.5407,27.1966,21.8326,7.425554,150.550812,88,88.309,408.0606,OC,Oceania
Monaco,MCO,7.9299,7.5789,7.2476,6.9250,6.6226,6.3292,6.0487,5.7821,5.5351,5.3019,5.0848,4.8795,4.6888,4.5138,4.3522,4.2077,4.0731,3.9524,3.8443,3.7436,3.6497,3.5647,3.4808,3.4009,3.3263,3.2527,3.1807,3.1058,3.0269,2.9510,2.8667,2.7811,2.6967,2.6136,2.5277,2.7851,2.2584,43.750298,7.412841,100,100,7423.70984,EU,Europe
Mongolia,MNG,93.8226,90.3580,86.8525,83.4270,80.1613,77.1066,74.3099,71.6842,69.2057,66.8163,64.4038,61.7795,58.9953,56.0723,53.0724,49.9564,46.8074,43.6965,40.7258,37.9121,35.3567,32.9933,30.8227,28.8373,26.9471,25.1488,23.3909,21.7176,20.1202,18.6402,17.2848,16.0909,15.0663,14.1916,13.4465,15.1982,11.604,46.862496,103.846656,85.49562527,67.74079142,13137.12866,AS,Asia
Montenegro,MNE,22.2074,20.1944,18.4129,16.9045,15.6803,14.7640,14.1459,13.7562,13.5545,13.4779,13.4600,13.4526,13.3986,13.2618,13.0152,12.6473,12.1607,11.5779,10.9175,10.2066,9.4604,8.6967,7.9340,7.1869,6.4681,5.7863,5.1524,4.5707,4.0399,3.5587,3.1268,2.7565,2.4505,2.2177,2.0398,2.1474,1.9201,42.708678,19.37439,98.85691652,97.77177272,4778.582336,EU,Europe
Morocco,MAR,76.5084,73.3711,70.3747,67.5602,64.9385,62.4668,60.1174,57.8697,55.6302,53.4679,51.3179,49.2412,47.2380,45.3290,43.4816,41.6995,39.9865,38.3551,36.8223,35.3278,33.8504,32.4457,31.1043,29.7778,28.5106,27.2832,26.1014,24.9318,23.7906,22.7192,21.6887,20.7298,19.8628,19.0807,18.3423,20.241,16.3575,31.791702,-7.09262,90.40234468,87.25043077,112870.5917,AF,Africa
Mozambique,MOZ,172.2260,170.1651,168.0209,166.0418,163.8920,161.6760,159.4077,156.6932,153.2029,149.2254,144.4266,138.6270,132.0834,125.1494,118.4322,111.9814,105.9222,100.3349,95.3587,90.9660,87.0542,83.4860,78.6269,76.0138,72.9781,72.4333,68.8421,66.4162,64.7125,63.1767,61.5456,59.8372,57.9361,56.3716,54.7735,58.7805,50.6095,-18.665695,35.529562,63.36942563,37.20486798,14021.42111,AF,Africa
Myanmar,MMR,88.8223,87.3732,85.8599,84.3793,82.8332,81.2144,79.5672,77.8650,76.1536,74.4915,72.8172,71.1737,69.5747,68.0094,66.4820,64.9769,63.4594,61.9456,60.3811,58.7914,57.1503,55.4944,53.8115,56.3663,50.3272,48.6071,46.8063,45.1308,43.5137,42.0493,40.7205,39.4392,38.1756,36.9537,35.7549,39.5339,31.8148,21.913965,95.956223,83.71819191,73.63687714,76185.5861,AS,Asia
Namibia,NAM,57.2974,55.2563,53.3487,51.6412,50.0359,48.7009,47.6577,46.7920,46.3303,46.1997,46.3332,46.4341,46.4143,46.1784,45.6146,44.8946,44.1830,43.6317,43.4294,42.8165,39.8623,37.9300,37.0127,37.0222,37.5944,36.3274,36.8883,37.9309,36.3402,34.3118,33.3427,32.5588,31.7546,31.1559,30.7251,33.8221,27.5685,-22.95764,18.49041,84.27003628,35.25996865,10699.92668,AF,Africa
Nauru,NRU,55.5152,53.4038,51.5794,49.8335,48.1584,46.5093,44.8441,43.2790,41.7299,40.3143,38.9777,37.7242,36.4847,35.3908,34.3754,33.5029,32.7561,32.1582,31.7676,31.5126,31.4686,31.5701,31.7985,31.9611,31.9450,31.6653,31.2976,30.7361,30.0910,29.3947,28.6987,27.9570,27.2305,26.4257,25.7047,28.3972,22.8639,-0.522778,166.931503,100,65.596,118.2234301,OC,Oceania
Nepal,NPL,118.9238,114.7747,110.4830,106.1000,101.6257,97.1442,92.6937,88.4249,84.2768,80.3244,76.5509,72.9583,69.4697,66.1500,62.9573,59.8858,56.9921,54.2745,51.7240,49.3126,47.0069,44.8126,42.7218,40.7619,38.9179,37.1499,35.4592,33.8494,32.3287,30.9261,29.6829,28.5144,27.4499,26.4926,25.6187,27.7721,23.2864,28.394857,84.124008,90.07454179,76.61121355,33657.17556,AS,Asia
Netherlands,NLD,7.8764,7.6816,7.4687,7.2481,7.0256,6.7966,6.5562,6.3142,6.0784,5.8605,5.6714,5.5173,5.3955,5.2990,5.2155,5.1296,5.0269,4.9048,4.7640,4.6095,4.4451,4.2790,4.1183,3.9699,3.8390,3.7269,3.6357,3.5624,3.5058,3.4648,3.4390,3.4286,3.4295,3.4412,3.4546,3.776,3.119,52.132633,5.291266,100,97.68577085,912242.3351,EU,Europe
New Zealand,NZL,11.2922,10.9678,10.5887,10.1487,9.6651,9.1609,8.6696,8.2168,7.8212,7.4800,7.1790,6.9094,6.6674,6.4509,6.2589,6.0878,5.9381,5.8014,5.6742,5.5576,5.4560,5.3705,5.2973,5.2300,5.1612,5.0880,5.0053,4.9062,4.7959,4.6691,4.5263,4.3750,4.2249,4.0837,3.9425,4.2953,3.571,-40.900557,174.885971,100,100,212482.0136,OC,Oceania
Nicaragua,NIC,60.6356,58.4074,56.3631,54.4382,52.5608,50.6102,48.6262,46.5499,44.4636,42.3969,40.3538,38.3843,36.4832,35.8271,32.9222,31.3145,29.8358,28.4818,27.1965,26.0251,24.9124,23.8516,22.8799,21.9520,21.0776,20.2425,19.4604,18.7155,17.9891,17.3023,16.6240,15.9913,15.4065,14.8521,14.3141,15.989,12.5457,12.865416,-85.207229,81.7087538,73.02109747,12621.47626,NA,North america
Niger,NER,134.5206,135.5797,135.9034,135.4636,134.4403,132.7971,130.5247,127.5843,124.0008,119.8812,115.3480,110.9795,106.9661,103.4185,100.1554,96.9812,93.6965,90.1088,86.2599,82.3661,78.5190,74.8464,71.2989,68.0345,64.8960,61.9981,59.3622,57.1221,55.1609,53.5085,51.8740,50.4594,49.1182,47.8877,46.7214,50.7395,42.3765,17.607789,8.081666,46.91179747,14.75130566,13678.23401,AF,Africa
Nigeria,NGA,122.8574,123.3632,123.8625,124.2193,124.4059,124.3144,124.0408,123.6508,123.1408,122.4075,121.3393,119.8273,117.8789,115.5389,112.8466,109.9736,107.0293,104.0316,101.0446,98.1069,95.2190,92.5307,90.0780,87.9651,86.1120,84.5711,83.2557,82.1988,81.2352,80.4150,79.5167,78.5220,77.2790,75.7407,74.1603,80.5763,67.3498,9.081999,8.675277,77.60905338,42.72256141,432293.7763,AF,Africa
Niue,NIU,8.8229,9.3215,9.8299,10.4221,10.9896,11.5696,12.2244,12.9267,13.6671,14.4314,15.2396,16.1269,17.0418,18.0258,19.0109,20.0835,21.2026,22.3912,23.5067,24.5550,25.2558,25.6826,25.7034,25.5856,25.3347,24.9062,24.4798,23.9361,23.3865,22.8100,22.2247,21.6260,21.0118,20.3238,19.6897,21.8255,17.5084,-19.054445,-169.867233,97.01087618,95.54188034,24.938,OC,Oceania
Norway,NOR,8.2748,8.2987,8.2039,7.9522,7.5392,7.0138,6.4367,5.8678,5.3609,4.9466,4.6280,4.4052,4.2502,4.1355,4.0352,3.9329,3.8182,3.6910,3.5575,3.4182,3.2818,3.1514,3.0253,2.8972,2.7684,2.6460,2.5357,2.4374,2.3498,2.2748,2.2069,2.1453,2.0888,2.0348,1.9842,2.1727,1.7847,60.472024,8.468946,100,98.05107359,362008.9565,EU,Europe
Oman,OMN,49.5637,45.1214,41.1569,37.5814,34.3818,31.4924,28.8465,26.3722,24.1320,22.1403,20.3913,18.8565,17.4527,16.2172,15.1224,14.1223,13.2619,12.5253,11.9198,11.4300,11.0442,10.7400,10.5099,10.3341,10.1906,10.0620,9.9420,9.8248,9.7195,9.6483,9.6358,9.6753,9.7388,9.7975,9.8123,10.8033,8.7775,21.512583,55.923255,92.16802469,100,76331.51867,AS,Asia
Pakistan,PAK,115.9890,114.1327,112.2714,110.4146,108.5601,106.6676,104.7088,102.6791,100.5624,98.3442,96.0375,93.6492,91.2334,88.8094,86.4853,84.3648,82.4436,80.7196,79.1684,77.7708,76.4957,75.2754,74.0786,72.8391,71.5149,70.1292,68.6245,67.0552,65.4311,63.7700,62.1217,60.4769,58.8495,57.2443,55.6638,60.6191,50.5162,30.375321,69.345116,90.14896508,68.39731114,263686.5527,AS,Asia
Palau,PLW,29.2701,29.3072,29.4418,29.6148,29.7474,29.8942,29.8779,29.7159,29.3912,28.9326,28.3838,27.7553,27.1447,26.5135,25.9546,25.3450,24.8855,24.4096,23.9421,23.5524,23.1521,22.7343,22.2797,21.7545,21.2149,20.6657,20.0421,19.5012,18.9469,18.4294,17.8641,17.3634,16.8368,16.2928,15.7797,17.5685,13.974,7.51498,134.58252,100,100,268.3549,OC,Oceania
Panama,PAN,29.6882,28.7502,27.8457,27.0011,26.2348,25.5766,24.9899,24.4814,24.0753,23.7271,23.4387,23.1840,22.9301,22.6274,22.2778,21.8711,21.4127,20.9102,20.4137,19.9280,19.4471,18.9756,18.4731,17.9535,17.4747,17.0004,16.4992,15.9894,15.5333,15.0462,14.5507,14.1187,13.6719,13.1803,12.7802,14.1004,11.3805,8.537981,-80.782127,94.37254436,84.57385023,52938.1,NA,North america
Papua New Guinea,PNG,67.9686,66.7285,65.5448,64.4052,63.3310,62.2375,61.1569,60.1338,59.1456,58.2238,57.3811,56.5312,55.6758,54.8714,54.0599,53.2900,52.4769,51.6749,50.8523,50.0201,49.1761,48.2877,47.3710,46.4326,45.4999,44.5407,43.6254,42.6563,41.7191,40.7703,39.8526,38.8275,37.8488,36.9055,35.8500,38.9508,32.5742,-6.314993,143.95555,45.34401752,19.22383321,23591.52303,OC,Oceania
Paraguay,PRY,42.7118,41.3373,40.0155,38.7271,37.4614,36.2287,35.0516,33.9372,32.9122,31.9508,31.1116,30.3375,29.6481,28.9950,28.3974,27.8131,27.2313,26.6707,26.1001,25.5591,25.0208,24.4189,23.8044,23.1778,22.5692,21.9270,21.2892,20.6695,20.0558,19.5025,18.9151,18.3191,17.7595,17.2027,16.6333,18.2873,14.8903,-23.442503,-58.443832,100,92.7207854,35304.23823,SA,South america
Peru,PER,71.2633,68.1389,65.0396,62.1121,59.3869,56.7292,54.0757,51.3689,48.5755,45.7197,42.8277,39.9403,37.1277,34.4363,31.8518,29.5126,27.3756,25.4501,23.7207,22.1736,20.7716,19.4910,18.3354,17.2828,16.3247,15.4592,14.6760,13.9747,13.3355,12.7356,12.1655,11.6233,11.1325,10.6680,10.2553,11.2367,9.232,-9.189967,-75.015152,93.13936621,78.57670211,202014.3638,SA,South america
Philippines,PHL,48.9971,47.5615,45.8615,43.9715,41.9469,39.9344,38.0347,36.3480,34.8599,33.5648,32.4019,31.4145,30.5518,29.8089,29.1968,28.6786,28.2128,27.7794,27.3278,26.8923,26.4628,26.0626,25.6966,25.3809,25.0755,24.7956,24.5275,24.2605,23.9894,23.7214,23.4832,23.1300,22.7230,22.2062,21.6331,24.0545,19.1126,12.879721,121.774017,94.10903456,82.25604781,361489.3544,AS,Asia
Poland,POL,17.8097,17.1404,16.5447,16.0310,15.5865,15.1760,14.7654,14.3406,13.8897,13.3624,12.6126,11.5693,10.4202,9.4148,8.6453,8.0693,7.6383,7.3046,7.0220,6.7667,6.5295,6.3070,6.0676,5.7828,5.4515,5.1338,4.8752,4.6690,4.4886,4.3187,4.1663,4.0354,3.9266,3.8366,3.7627,4.0675,3.4428,51.919438,19.145136,100,100,594164.6909,EU,Europe
Portugal,PRT,16.5309,15.5152,14.5080,13.5091,12.5310,11.5543,10.5878,9.6614,8.8132,8.0726,7.4632,6.9912,6.6111,6.2606,5.9067,5.5227,5.1036,4.6779,4.2745,3.9188,3.6328,3.4328,3.2972,3.1968,3.1163,3.0542,3.0072,2.9761,2.9577,2.9544,2.9623,2.9812,3.0057,3.0306,3.0502,3.335,2.7506,39.399872,-8.224454,100,100,231255.5873,EU,Europe
Qatar,QAT,23.6849,22.5153,21.3281,20.1290,18.9389,17.7490,16.6414,15.6010,14.6777,13.8502,13.1460,12.5531,12.0418,11.5885,11.1560,10.7402,10.3416,9.9529,9.5886,9.2531,8.9446,8.6668,8.4183,8.1942,7.9968,7.8077,7.6144,7.4209,7.2072,6.9661,6.6955,6.4073,6.1110,5.8284,5.5682,5.9754,5.1356,25.354826,51.183884,100,100,146373.5889,AS,Asia
South Korea,KOR,20.5294,18.8152,17.1880,15.7260,14.4229,13.2421,12.1877,11.2401,10.3895,9.6109,8.9070,8.2714,7.7159,7.2263,6.8044,6.4370,6.1059,5.7849,5.4551,5.1137,4.7637,4.4263,4.1283,3.8816,3.6819,3.5241,3.3970,3.2853,3.1809,3.0850,2.9972,2.9184,2.8480,2.7859,2.7267,2.9493,2.4907,35.907757,127.766922,100,99.937,1630525.005,AS,Asia
Moldova,MDA,32.6170,31.0977,29.7442,28.6100,27.7971,27.4522,27.7126,28.4543,29.4344,30.4431,31.2201,31.4403,31.0018,29.8550,28.2034,26.0789,23.7448,21.5143,19.5482,17.9984,16.8263,16.0446,15.5397,15.1679,14.8889,14.6733,14.4403,14.1787,13.9334,13.6810,13.4251,13.1498,12.8946,12.6262,12.3536,13.7037,10.9392,47.411631,28.369885,90.57,78.729,11914.04091,EU,Europe
North Macedonia,MKD,44.6396,43.9284,43.0456,40.3507,35.9522,32.2518,30.8203,30.4102,28.7358,25.1909,21.6027,19.1701,17.6393,16.3921,15.1744,14.1365,13.4024,12.9435,12.6554,12.4578,12.2055,11.7616,11.1198,10.3101,9.4748,8.9026,8.8153,9.2179,10.0272,10.9916,11.3819,10.4900,8.7018,6.8446,5.3445,5.6501,5.0173,41.608635,21.745275,97.74281579,98.32787804,12266.94981,EU,Europe
Romania,ROU,24.5365,25.6638,26.8931,27.0753,25.7863,24.1632,23.1885,22.8165,22.6012,22.2890,21.9749,21.7400,21.3663,20.5039,19.1663,17.9608,17.3338,17.1250,16.9176,16.4147,15.5429,14.3008,12.9680,11.8697,11.1060,10.5397,10.0527,9.5483,8.9534,8.2766,7.6356,7.1129,6.6636,6.1950,5.6947,6.2501,5.11,45.943161,24.96676,100,87.06644493,248715.5514,EU,Europe
Russia,RUS,21.0833,20.4925,19.8510,19.2384,18.7297,18.4109,18.3458,18.4575,18.5916,18.6455,18.5791,18.3873,18.0782,17.6621,17.1459,16.4992,15.6998,14.7871,13.8002,12.8113,11.8628,10.9906,10.2362,9.6342,9.1951,8.8876,8.6668,8.4425,8.1055,7.6180,7.0459,6.4535,5.8859,5.3748,4.9307,5.3946,4.4445,61.52401,105.318756,96.99254807,89.3906766,1483497.785,EU,Europe
Rwanda,RWA,97.4193,94.6541,92.6002,91.1898,90.7402,91.8588,94.6492,98.8334,104.8514,120.2102,119.8680,115.1252,118.0449,119.2942,112.1296,106.1675,99.5599,91.8656,83.7518,75.3329,67.9785,61.6459,56.1680,51.4418,47.5306,43.8299,39.8056,37.0141,34.5172,32.5040,30.8817,29.5589,28.4386,27.3440,26.2901,28.9108,23.6167,-1.940278,29.873888,60.41450115,68.83344246,10333.99189,AF,Africa
Saint Kitts and Nevis,KNA,31.2233,29.6046,28.2126,27.0763,26.1464,25.4139,24.8422,24.3991,24.0274,23.6608,23.2573,22.7723,22.1814,21.4904,20.6892,19.8326,18.9272,18.0486,17.2480,16.5321,15.9583,15.5072,15.1578,14.9169,14.7489,14.6479,14.5690,14.5058,14.4540,14.3164,14.1259,13.8711,13.5478,13.2288,12.8757,14.149,11.5106,17.357822,-62.782998,95,95,927.4518519,NA,North america
Saint Lucia,LCA,20.3548,19.6989,19.1156,18.5962,18.1368,17.7218,17.3508,17.0203,16.7295,16.4723,16.2517,16.0642,15.9090,15.7841,15.6969,15.6475,15.6408,15.6701,15.7448,15.8457,15.9774,16.1352,16.3147,16.5312,16.7665,17.0224,17.2948,17.5938,17.9169,18.2498,18.6007,18.9741,19.3396,19.6920,20.0138,21.816,18.15,13.909444,-60.978893,96.88784457,83.36810833,1703.364241,NA,North america
Saint Vincent and the Grenadines,VCT,25.8867,23.9542,22.4172,21.2118,20.2953,19.6133,19.1385,18.8506,18.7053,18.6877,18.7691,18.8966,19.0265,19.1243,19.1651,19.1685,19.1192,19.0564,18.9852,18.9497,18.8942,18.8009,18.6631,18.4397,18.1246,17.7092,17.2480,16.7452,16.2227,15.7207,15.2227,14.7439,14.2780,13.8259,13.3855,14.5034,12.2012,12.984305,-61.287228,87,87.184,809.6814815,NA,North america
Samoa,WSM,29.5274,28.4447,27.4065,26.4810,25.6305,24.8363,24.0869,23.3323,22.5595,21.8081,21.0544,20.3377,19.6510,18.9780,18.3118,17.6829,17.1370,16.6825,16.3406,16.1228,15.9991,15.9364,15.9159,15.9003,16.8943,15.7851,15.6391,15.4371,15.1819,14.8666,14.4975,14.1177,13.7228,13.3184,12.9183,14.1436,11.6204,-13.759029,-172.104629,91.83772455,96.76586368,807.0272444,OC,Oceania
San Marino,SMR,18.4929,17.0915,15.7688,14.5458,13.3922,12.3496,11.3664,10.4610,9.6125,8.8380,8.1185,7.4689,6.8660,6.3181,5.8271,5.3627,4.9443,4.5588,4.2028,3.8824,3.5832,3.3110,3.0616,2.8312,2.6168,2.4153,2.2346,2.0884,1.9615,1.8586,1.7694,1.6859,1.6146,1.5526,1.4932,1.615,1.3617,43.94236,12.457777,100,100,1616.369646,EU,Europe
Sao Tome and Principe,STP,64.3051,65.4739,66.5336,67.4669,68.2175,68.7894,69.0983,69.1305,68.7622,67.9815,66.6912,64.9949,62.9043,60.5875,58.0799,55.4495,52.8053,50.1593,47.5010,45.0621,42.7578,40.5560,38.5151,36.6151,34.8842,33.2116,31.6602,30.2347,28.9484,27.8094,26.7519,25.8265,24.9992,24.2135,23.4843,26.0888,20.6943,0.18636,6.613081,78.22645516,47.62107761,472.9144699,AF,Africa
Saudi Arabia,SAU,50.2394,47.0669,43.9631,41.0055,38.1917,35.5533,33.1280,30.8901,28.8807,27.0235,25.3100,23.7238,22.3053,21.0050,19.7975,18.6998,17.6603,16.6840,15.7761,14.9224,14.0825,13.2565,12.4704,11.7053,10.9657,10.2509,9.5769,8.9287,8.3305,7.7631,7.2191,6.7250,6.3185,5.9701,5.6859,5.9871,5.3719,23.885942,45.079162,100,100,700117.8732,AS,Asia
Senegal,SEN,82.9031,79.9013,76.9892,74.4395,72.4194,71.0357,70.3019,70.0867,70.2711,70.6240,70.9882,71.2053,71.1004,70.5564,69.3967,67.5265,65.0742,62.2106,59.1571,56.1009,53.2410,50.6004,48.2345,46.1545,44.2872,42.6288,41.1267,39.7861,38.5792,37.4665,36.4012,35.3599,34.4489,33.5512,32.6960,36.2285,28.9524,14.497401,-14.452362,84.90523779,56.77646012,24910.90424,AF,Africa
Serbia,SRB,33.5561,32.1905,31.1826,29.6472,26.9733,24.0265,21.9532,20.9835,20.1941,18.8338,16.9704,15.0327,13.3189,12.0708,11.3858,11.0113,10.5807,9.9257,9.1442,8.3773,7.7318,7.2832,7.0456,6.9056,6.7685,6.6044,6.4155,6.2030,5.9701,5.7170,5.4650,5.2273,5.0098,4.8128,4.6287,5.0987,4.1396,44.016521,21.005859,95.29552932,97.89866471,52960.13408,EU,Europe
Seychelles,SYC,17.4470,16.5535,15.7849,15.1261,14.5440,14.0344,13.5655,13.1709,12.8331,12.5512,12.3397,12.1701,12.0357,11.9408,11.8831,11.8368,11.8206,11.8015,11.8012,11.8059,11.8335,11.8635,11.9150,11.9698,12.0446,12.1270,12.2309,12.3434,12.4657,12.6004,12.7012,12.7441,12.6616,12.4966,12.2617,13.2726,11.2165,-4.679574,55.491977,99,100,1124.9375,AF,Africa
Sierra Leone,SLE,159.3649,158.0790,157.0522,156.1444,155.1946,154.4499,153.6866,152.9164,152.0167,151.0070,149.6912,148.1194,146.2751,144.2026,141.9126,139.4876,136.8734,134.0918,131.1967,128.1987,125.0069,121.6481,118.1989,114.5291,110.8076,107.1527,103.5390,100.1761,97.0216,94.8733,94.1681,88.5746,85.9297,83.3519,80.9210,86.3194,75.1967,8.460555,-11.779889,63.76628562,16.50967615,3865.018883,AF,Africa
Singapore,SGP,8.7825,8.3229,7.8646,7.3499,6.7582,6.1400,5.5362,4.9914,4.5512,4.2173,3.9733,3.7851,3.6223,3.4442,3.2404,3.0265,2.8255,2.6455,2.4986,2.3878,2.3112,2.2656,2.2455,2.2405,2.2378,2.2357,2.2239,2.2059,2.1918,2.1828,2.1763,2.1683,2.1492,2.1106,2.0501,2.2149,1.8782,1.352083,103.819836,100,100,339998.4779,AS,Asia
Slovakia,SVK,15.7724,15.0668,14.3941,13.7667,13.1785,12.6236,12.0916,11.5758,11.0811,10.6019,10.1420,9.7021,9.2860,8.8955,8.5304,8.1911,7.8809,7.5924,7.3236,7.0659,6.8191,6.5820,6.3553,6.1424,5.9464,5.7664,5.6066,5.4612,5.3280,5.2063,5.0924,4.9839,4.8807,4.7820,4.6832,5.1333,4.2076,48.669026,19.699024,100,97.53262546,104574.1462,EU,Europe
Slovenia,SVN,12.2428,11.4859,10.7508,10.0479,9.3892,8.7689,8.1868,7.6415,7.1348,6.6629,6.2268,5.8308,5.4723,5.1437,4.8440,4.5698,4.3170,4.0839,3.8628,3.6551,3.4599,3.2719,3.0935,2.9247,2.7649,2.6162,2.4792,2.3491,2.2285,2.1186,2.0135,1.9147,1.8230,1.7382,1.6605,1.7878,1.5271,46.151241,14.995463,100,98.09979585,52880.4737,EU,Europe
Solomon Islands,SLB,35.1652,34.2473,33.4523,32.6868,31.9835,31.2646,30.5676,29.8314,29.0897,28.3841,27.7327,27.1450,26.6447,26.1847,25.7394,25.3490,25.0304,24.7672,24.5389,24.3179,24.0630,23.7525,23.3654,22.9205,22.4043,21.8404,21.2601,20.6715,20.0978,19.5556,18.9891,18.4388,17.8772,17.3214,16.8215,18.3566,15.1649,-9.64571,160.156194,67.30102554,34.75592548,1551.245526,OC,Oceania
Somalia,SOM,113.3855,112.5265,111.5185,110.4224,109.0843,107.3113,105.4361,104.1884,103.6928,103.5808,103.5796,103.5796,103.5796,103.5796,103.5796,103.5796,103.5796,103.5796,103.5796,103.5796,103.5488,103.2595,102.0693,100.2875,98.1042,95.5590,92.9669,90.3908,87.9231,85.3188,82.7740,80.4012,78.1634,75.9015,74.0321,79.389,67.9237,5.152149,46.199616,56.47697339,39.30661638,4917.607582,AF,Africa
South Africa,ZAF,53.5613,51.4076,49.3670,47.4803,45.8179,44.4520,43.4577,42.9318,42.8933,43.2217,43.8250,44.4499,44.8938,45.3470,46.0276,46.2680,46.5665,46.7147,47.2422,48.3314,48.2427,47.4523,45.0049,41.2328,36.4601,32.5263,30.5279,29.7664,29.2256,28.9708,28.5031,28.2415,28.1922,27.8313,27.5165,29.8106,25.0768,-30.559482,22.937506,93.88505744,78.47461071,301923.6393,AF,Africa
South Sudan,SSD,161.3856,158.8232,156.3361,153.6626,150.7535,147.9560,145.0398,141.8606,138.5224,134.7479,130.8102,126.9073,122.7275,118.2841,113.7628,108.8999,103.9527,99.1986,94.6538,90.1808,85.9872,82.0171,78.2661,74.8364,71.4600,68.3445,65.5677,63.6492,62.6729,62.3848,62.3711,62.3711,62.3711,62.3711,62.3711,67.2487,57.1665,6.877,31.307,40.95092717,15.84481734,11997.80076,AF,Africa
Spain,ESP,9.1626,8.7723,8.4213,8.0925,7.7651,7.4333,7.0842,6.7162,6.3317,5.9378,5.5587,5.2201,4.9346,4.7014,4.5156,4.3696,4.2506,4.1484,4.0475,3.9390,3.8179,3.6865,3.5507,3.4134,3.2803,3.1547,3.0415,2.9424,2.8601,2.7941,2.7448,2.7076,2.6777,2.6454,2.6034,2.8294,2.3663,40.463667,-3.74922,100,100,1281199.091,EU,Europe
Sri Lanka,LKA,25.1027,22.7188,20.7779,19.5032,18.9034,18.6800,18.5673,18.4086,18.1169,17.6529,17.0910,16.5025,15.9074,15.3209,14.7519,14.2153,13.7568,13.3609,12.9982,15.3615,12.1969,11.6637,11.1025,10.6385,10.3018,9.9814,9.5876,9.1088,8.5671,8.0071,7.4832,7.0387,6.6724,6.3516,6.0770,6.6217,5.491,7.873054,80.771797,92.22757937,93.65293491,80706.60023,AS,Asia
State of Palestine,PSE,45.3915,43.1326,41.0123,39.0375,37.2434,35.6071,34.1319,32.7897,31.5885,30.4534,29.4100,28.4200,27.4635,26.5807,25.7601,25.0213,24.3454,23.7085,23.1312,22.5542,22.0019,21.4696,20.9492,20.4766,20.0533,19.6772,19.3663,19.1021,18.8491,18.5870,18.2751,17.8868,17.4690,17.0516,16.6361,17.9871,15.2336,31.9522,35.2332,98,89,15561.3,AS,Asia
Sudan,SDN,86.8351,85.9598,85.0085,83.9217,82.7817,81.5961,80.3680,79.0846,77.7849,76.4171,74.9918,73.4795,71.8534,70.1727,68.3691,66.4678,64.6009,62.7017,60.8626,59.0920,57.4509,55.8868,54.4262,53.0696,51.8127,50.5999,49.4675,48.3821,47.2892,46.2307,45.2073,44.1822,43.1068,42.0208,40.9687,45.3796,36.2694,12.862807,30.217636,60.4486756,36.89208291,26110.82919,AF,Africa
Suriname,SUR,45.1110,43.7830,42.4341,41.1550,39.9131,38.6938,37.4890,36.2509,35.0612,33.8720,32.6695,31.5270,30.4368,29.3928,28.3748,27.4314,26.5203,25.6575,24.8848,24.1317,23.4680,22.8101,22.1902,21.6076,21.0402,20.5317,20.0091,19.4984,19.0076,18.5334,18.0492,17.5508,17.0215,16.5582,16.0799,17.9497,14.0578,3.919305,-56.027783,97.98963167,89.95421143,3807.922874,SA,South america
Sweden,SWE,6.4164,6.3341,6.2528,6.1693,6.0575,5.8684,5.5632,5.1738,4.7587,4.3642,4.0299,3.7825,3.6140,3.5063,3.4415,3.3971,3.3527,3.2919,3.2030,3.0857,2.9575,2.8339,2.7229,2.6293,2.5554,2.4993,2.4580,2.4252,2.3974,2.3695,2.3346,2.2871,2.2282,2.1574,2.0828,2.2589,1.8959,60.128161,18.643501,100,100,537609.8657,EU,Europe
Switzerland,CHE,7.2671,7.1642,7.0775,6.9780,6.8361,6.6366,6.3801,6.0786,5.7676,5.4776,5.2300,5.0385,4.9021,4.8091,4.7438,4.6880,4.6276,4.5541,4.4695,4.3809,4.2879,4.1992,4.1176,4.0450,3.9815,3.9288,3.8910,3.8636,3.8404,3.8141,3.7839,3.7438,3.6950,3.6378,3.5661,3.8597,3.257,46.818188,8.227512,100,100,747968.6362,EU,Europe
Syrian Arab Republic,SYR,36.2404,34.7454,33.3949,32.1764,31.0195,29.9454,28.8672,27.7682,26.6283,25.4898,24.3568,23.2663,22.2464,21.2767,20.3832,19.5962,18.8901,18.2512,17.7284,17.2787,16.9173,16.6400,16.4358,16.2933,16.2322,16.2420,16.3762,16.9528,17.3651,17.7130,17.7621,17.9734,18.0710,17.9978,17.9226,19.6304,16.0942,34.802075,38.996815,93.92585718,89.69347966,40405.00601,AS,Asia
Tajikistan,TJK,92.6185,89.1424,85.4995,82.5345,80.6967,80.5188,82.5210,85.7157,88.2214,88.6217,87.1207,84.3791,80.8144,76.6460,72.1837,67.6040,62.9902,58.5206,54.3168,50.5568,47.1269,44.2090,41.8017,39.8237,38.2891,37.0202,36.0046,35.1431,34.3780,33.6131,32.8564,32.0957,31.2727,30.4490,29.5955,33.1747,25.8371,38.861034,71.276093,81.85241502,96.76531446,8194.150302,AS,Asia
Thailand,THA,37.9760,36.3847,34.7860,33.2333,31.7060,30.2071,28.7648,27.3842,26.0676,24.8535,23.6915,22.5992,21.5612,20.5655,19.6134,18.7110,17.8303,17.0141,16.2302,15.4838,14.7859,14.1001,13.4470,12.8354,12.2489,11.6932,11.1545,10.6574,10.1805,9.7188,9.2747,8.8547,8.4481,8.0696,7.7209,8.5069,6.8971,15.870032,100.992541,100,98.71311912,501794.9619,AS,Asia
Timor-Leste,TLS,163.6116,156.4449,149.6687,143.1966,137.0604,131.3112,125.7811,120.5676,115.5540,110.6924,105.9956,101.4443,97.0812,92.8906,88.7432,84.7881,80.9591,77.0792,73.3019,69.5686,65.9151,62.4761,59.2246,56.3549,53.8970,51.6112,49.6556,47.8489,46.1351,44.6793,43.2409,41.8646,40.4939,39.1903,38.0720,41.4211,34.4854,-8.874217,125.727539,85.4956012,56.76669456,1821,AS,Asia
Togo,TGO,96.5098,94.8207,93.2536,91.8030,90.4903,89.2254,88.0624,86.9092,85.7164,84.4006,83.0252,81.5059,79.8913,78.1593,76.3986,74.5369,72.6599,70.8327,69.0434,67.2774,65.5547,63.9062,62.3085,60.7157,59.1787,57.6765,56.2252,54.8153,53.4418,52.1235,50.8325,49.5092,48.2496,46.9929,45.7611,50.2595,41.0212,8.619543,0.824782,68.58372009,18.60319806,7574.635241,AF,Africa
Tonga,TON,21.6487,21.1988,20.7253,20.1654,19.5601,18.9268,18.2794,17.6852,17.1967,16.7955,16.4956,16.2724,16.0970,15.9109,15.6961,15.4630,15.2180,14.9826,14.8007,14.6582,14.5713,14.5222,14.5015,14.4980,14.4959,14.4712,14.4490,14.4408,14.4506,14.4580,14.4615,14.4701,14.4627,14.4257,14.2913,12.3413,16.1451,-21.178986,-175.198242,98.73108083,92.89333236,512.3500594,OC,Oceania
Trinidad and Tobago,TTO,29.6346,28.9160,28.2900,27.7079,27.1919,26.7706,26.3814,26.0618,25.7950,25.5702,25.3795,25.2195,25.1316,25.0569,24.9809,24.9024,24.8034,24.5599,24.2153,23.7920,23.3165,22.7490,22.1765,21.5980,21.0221,20.4161,19.7877,19.1847,18.5855,18.1045,17.5982,17.0756,16.5903,16.1298,15.6558,17.1625,14.0117,10.691803,-61.222503,98.87517077,93.91521101,21529.82477,NA,North america
Tunisia,TUN,53.3110,50.8561,48.6747,46.6743,44.8708,43.1658,41.4870,39.8593,38.1623,36.3424,34.4304,32.4627,30.4458,28.4949,26.6380,24.9188,23.3496,21.9927,20.7620,19.6964,18.7541,17.9218,17.2191,16.6366,16.1591,15.7770,15.4603,15.2183,15.0219,14.8731,14.7610,14.7028,14.6727,14.6112,14.4867,15.7791,13.1344,33.886917,9.537499,97.54330899,97.43445889,39235.67287,AF,Africa
Turkey,TUR,70.9193,67.5032,64.2388,61.1073,58.1390,55.3554,52.6973,50.0811,47.5606,45.0827,42.6668,40.3031,37.9611,35.7246,33.5417,31.4326,29.4252,27.4964,25.6533,23.9198,22.2967,20.7537,19.3357,17.9857,16.7506,15.6053,14.5721,13.5991,12.7121,11.9001,11.1471,10.4528,9.7967,9.1841,8.6153,9.1746,8.0279,38.963745,35.243322,97.01426916,100,720101.2124,EU,Europe
Turkmenistan,TKM,76.1250,73.1797,70.4048,68.0220,66.1356,64.8246,64.1987,64.1281,64.4262,64.7761,65.0345,64.7239,63.7725,62.2088,60.0668,57.5613,54.7882,51.9493,49.2366,46.6489,44.2661,42.1221,40.3477,38.8986,37.7659,36.9170,36.3893,36.0799,36.0029,36.0524,36.2143,36.4295,36.6590,36.6445,36.3216,41.3086,31.0686,38.969719,59.556278,100,100,45231.42857,AS,Asia
Tuvalu,TUV,44.2000,43.5935,43.0341,42.5832,42.1297,41.6411,41.0714,40.4526,39.7412,38.9343,38.0491,37.1082,36.1189,35.1313,34.1444,33.1912,32.3478,31.6190,30.9405,30.3475,29.7717,29.1834,28.5945,27.9090,27.1447,26.4063,25.6728,24.9953,24.2603,23.6433,22.8842,22.2176,21.5453,20.9055,20.2315,22.5011,17.8631,-7.109535,177.64933,100,83.7,48.8555502,OC,Oceania
Uganda,UGA,116.7731,114.4892,112.5382,110.7976,108.9767,106.8181,104.4392,102.1423,100.0516,98.4768,97.2852,96.1978,94.8265,92.9816,90.5329,87.3615,83.6177,79.4604,74.9719,70.3943,66.0343,62.0941,58.4093,55.0312,52.4575,49.8625,47.5785,44.6239,42.9186,40.9066,39.2117,37.5672,36.0430,34.6005,33.4373,36.8694,29.8355,1.373333,32.290275,55.85504921,19.78963715,37372.03256,AF,Africa
Ukraine,UKR,18.9678,18.2657,17.6470,17.1400,16.7793,16.5743,16.5333,16.6395,16.8506,17.0997,17.2913,17.3297,17.1814,16.8537,16.3442,15.7166,15.0355,14.3426,13.6689,13.0520,12.4926,12.0034,11.5494,11.0805,10.5796,10.0734,9.5882,9.1518,8.7656,8.4245,8.1261,7.8587,7.6156,7.3927,7.1773,7.8862,6.4269,48.379433,31.16558,93.92828195,97.74271759,155582.0087,EU,Europe
United Arab Emirates,ARE,19.2240,17.9873,16.8929,15.9127,15.0345,14.2291,13.5082,12.8654,12.2922,11.7797,11.3244,10.9213,10.5511,10.2146,9.9111,9.6316,9.3643,9.1071,8.8542,8.5925,8.3315,8.0864,7.8597,7.6463,7.4425,7.2545,7.0904,6.9558,6.8494,6.7658,6.7024,6.6444,6.5826,6.5061,6.4049,7.0566,5.7168,23.424076,53.847818,100,100,421142.2679,AS,Asia
United Kingdom,GBR,9.6932,9.4424,9.1661,8.8220,8.4003,7.9062,7.3986,6.9433,6.5780,6.3022,6.1060,5.9670,5.8568,5.7545,5.6591,5.5691,5.4837,5.4011,5.3203,5.2372,5.1453,5.0377,4.9096,4.7584,4.5918,4.4185,4.2503,4.1026,3.9835,3.8922,3.8305,3.7866,3.7516,3.7177,3.6744,4.0121,3.3201,55.378051,-3.435973,100,100,2707743.777,EU,Europe
United Republic of Tanzania,TZA,106.3357,105.4955,104.3370,102.9565,101.3894,99.9518,98.6768,97.5119,96.2957,94.9959,93.4976,91.6767,89.3038,86.3428,82.7820,78.6781,74.3069,69.9054,65.8213,62.1518,58.8175,56.1353,53.3663,51.3446,49.0595,47.3269,45.7025,44.2743,43.1080,41.9849,40.9733,39.7507,38.3199,37.0005,35.9767,38.9541,32.9019,-6.369028,34.888822,60.71679759,31.7607758,62409.74843,AF,Africa
United States of America,USA,10.6461,10.3984,10.1650,9.9294,9.6740,9.3951,9.0978,8.7873,8.4805,8.1913,7.9297,7.7024,7.5111,7.3544,7.2236,7.1141,7.0239,6.9481,6.8805,6.8160,6.7460,6.6668,6.5752,6.4710,6.3574,6.2433,6.1347,6.0382,5.9540,5.8821,5.8196,5.7650,5.7113,5.6436,5.5574,6.0367,5.0535,37.09024,-95.712891,100,100,20936600,NA,North america
Uruguay,URY,25.1439,24.1496,23.0484,21.9572,20.9763,20.1516,19.5050,19.0172,18.6483,18.3237,17.9304,17.3730,16.6882,15.9786,15.3333,14.7938,14.4035,14.0758,13.6720,13.1199,12.4533,11.7163,10.9745,10.2950,9.7197,9.2512,8.8913,8.5935,8.3027,7.9834,7.6316,7.2464,6.8492,6.4515,6.0683,6.6935,5.4096,-32.522779,-55.765835,100,98.05452933,53628.82744,SA,South america
Uzbekistan,UZB,69.2352,66.0507,63.4527,61.4735,60.1120,59.3978,59.1375,59.0916,58.8607,58.4468,57.8955,57.2180,56.2910,55.1173,53.5986,51.8158,49.7079,47.3845,45.0833,42.7170,40.3865,38.0534,35.7519,33.5101,31.3218,29.2041,27.2122,25.3182,23.5482,21.8494,20.2702,18.8090,17.5517,16.4723,15.5745,17.7086,13.2952,41.377491,64.585262,97.82878485,100,57707.18995,AS,Asia
Vanuatu,VUT,37.9039,35.5786,33.5446,31.7946,30.2785,28.9902,27.8458,26.8368,25.9781,25.3074,24.7806,24.4008,24.9889,23.9263,23.7963,23.7119,23.6495,23.6420,23.6605,23.7375,23.8441,24.0014,24.1893,24.3465,24.5195,24.7043,24.8196,24.8501,24.7113,24.4154,24.0156,23.4978,22.9341,22.4191,21.8538,23.5504,20.033,-15.376706,166.959158,91.23119075,52.70704482,854.7936401,OC,Oceania
Venezuela (Bolivarian Republic of),VEN,29.6190,28.6700,27.6733,26.6339,25.6084,24.6679,23.8770,23.2763,22.8363,22.4937,22.0966,21.5037,20.7401,19.9156,20.1344,18.3991,17.8381,17.3730,16.9001,16.3649,15.8302,15.3543,14.9824,14.7456,14.6539,14.6661,14.7434,14.8871,15.1191,15.4318,16.4365,21.0444,21.0390,21.0384,21.0384,22.8372,19.1031,6.42375,-66.58973,93.68580071,95.75957043,482359.3188,SA,South america
Viet Nam,VNM,42.6170,41.7200,40.6916,39.5168,38.2238,36.8532,35.4243,33.9657,32.4372,30.9640,29.4813,28.0974,26.7665,25.5374,24.4085,23.4098,22.5250,21.6869,20.9653,20.3651,19.8356,19.4195,19.0671,18.7664,18.4956,18.2612,18.0387,17.8184,17.6171,17.4170,17.2012,16.9380,16.6285,16.2698,15.8845,17.9651,13.6764,14.058324,108.277199,96.88435687,89.24647713,271158.4421,AS,Asia
Yemen,YEM,105.7154,101.1868,97.3059,93.9243,90.9485,88.3214,86.0242,83.9960,82.2695,80.7472,79.3132,77.8715,76.2062,74.0379,71.4728,68.6574,65.6583,62.6317,59.7023,56.9692,54.3193,51.8050,49.3433,46.9843,44.9405,43.6343,43.0775,42.9641,42.9630,42.9861,43.3588,43.3108,43.3417,43.6397,43.6230,47.5916,39.6042,15.552727,48.516388,60.66356984,54.11663604,23486.2696,AS,Asia
Zambia,ZMB,101.3735,103.3777,105.1359,106.4403,107.0945,107.4115,107.1035,106.5235,105.1283,103.4571,101.4179,99.4998,97.6735,95.6376,93.0958,89.6718,85.0173,79.6490,74.2783,68.7669,63.8063,60.3661,58.3746,55.9199,54.1302,52.3232,51.0282,49.9234,48.7461,47.4722,46.7212,45.7892,44.1244,43.3646,42.4153,46.1253,38.4907,-13.133897,27.849332,65.41238357,31.89963255,19320.05386,AF,Africa
Zimbabwe,ZWE,53.9740,51.6517,50.1849,49.3167,49.1224,49.5409,50.4135,51.6388,53.0018,54.2702,55.4821,55.7067,55.0494,53.9706,52.6040,51.5039,50.9010,50.7664,50.8975,51.9826,52.9680,54.9461,56.2028,56.4181,55.8660,53.7765,51.6320,47.8534,45.8649,44.2457,42.8680,41.3921,40.5173,39.2738,38.4238,42.5883,34.0235,-19.015438,29.154857,62.66645761,35.19236284,16768.51344,AF,Africa
